[     749ms] [WARNING] "shadow*" style props are deprecated. Use "boxShadow". @ https://into-introductory-screensavers-ecology.trycloudflare.com/node_modules/expo-router/entry.bundle?platform=web&dev=true&hot=false&transform.engine=hermes&transform.routerRoot=app&unstable_transformProfile=hermes-stable:40238
[     779ms] Error: Cannot manually set color scheme, as dark mode is type 'media'. Please use StyleSheet.setFlag('darkMode', 'class')
    at Object.set (https://into-introductory-screensavers-ecology.trycloudflare.com/node_modules/expo-router/entry.bundle?platform=web&dev=true&hot=false&transform.engine=hermes&transform.routerRoot=app&unstable_transformProfile=hermes-stable:60653:15)
    at MutationObserver.observe.attributes (https://into-introductory-screensavers-ecology.trycloudflare.com/node_modules/expo-router/entry.bundle?platform=web&dev=true&hot=false&transform.engine=hermes&transform.routerRoot=app&unstable_transformProfile=hermes-stable:60639:27)
[     783ms] [WARNING] App Start Span could not be finished. `Sentry.wrap` was called before `Sentry.init`. @ https://into-introductory-screensavers-ecology.trycloudflare.com/node_modules/expo-router/entry.bundle?platform=web&dev=true&hot=false&transform.engine=hermes&transform.routerRoot=app&unstable_transformProfile=hermes-stable:185651
[     900ms] [WARNING] Animated: `useNativeDriver` is not supported because the native animated module is missing. Falling back to JS-based animation. To resolve this, add `RCTAnimation` module to this app, or remove `useNativeDriver`. Make sure to run `bundle exec pod install` first. Read more about autolinking: https://github.com/react-native-community/cli/blob/master/docs/autolinking.md @ https://into-introductory-screensavers-ecology.trycloudflare.com/node_modules/expo-router/entry.bundle?platform=web&dev=true&hot=false&transform.engine=hermes&transform.routerRoot=app&unstable_transformProfile=hermes-stable:50143
[     922ms] [ERROR] Access to fetch at 'https://clients3.google.com/generate_204' from origin 'https://into-introductory-screensavers-ecology.trycloudflare.com' has been blocked by CORS policy: No 'Access-Control-Allow-Origin' header is present on the requested resource. @ https://into-introductory-screensavers-ecology.trycloudflare.com/initiate:0
[     922ms] [ERROR] Failed to load resource: net::ERR_FAILED @ https://clients3.google.com/generate_204:0
[   15921ms] [ERROR] Access to fetch at 'https://clients3.google.com/generate_204' from origin 'https://into-introductory-screensavers-ecology.trycloudflare.com' has been blocked by CORS policy: No 'Access-Control-Allow-Origin' header is present on the requested resource. @ https://into-introductory-screensavers-ecology.trycloudflare.com/initiate:0
[   15921ms] [ERROR] Failed to load resource: net::ERR_FAILED @ https://clients3.google.com/generate_204:0
[   30923ms] [ERROR] Access to fetch at 'https://clients3.google.com/generate_204' from origin 'https://into-introductory-screensavers-ecology.trycloudflare.com' has been blocked by CORS policy: No 'Access-Control-Allow-Origin' header is present on the requested resource. @ https://into-introductory-screensavers-ecology.trycloudflare.com/initiate:0
[   30923ms] [ERROR] Failed to load resource: net::ERR_FAILED @ https://clients3.google.com/generate_204:0
[   45922ms] [ERROR] Access to fetch at 'https://clients3.google.com/generate_204' from origin 'https://into-introductory-screensavers-ecology.trycloudflare.com' has been blocked by CORS policy: No 'Access-Control-Allow-Origin' header is present on the requested resource. @ https://into-introductory-screensavers-ecology.trycloudflare.com/initiate:0
[   45923ms] [ERROR] Failed to load resource: net::ERR_FAILED @ https://clients3.google.com/generate_204:0
[   60925ms] [ERROR] Access to fetch at 'https://clients3.google.com/generate_204' from origin 'https://into-introductory-screensavers-ecology.trycloudflare.com' has been blocked by CORS policy: No 'Access-Control-Allow-Origin' header is present on the requested resource. @ https://into-introductory-screensavers-ecology.trycloudflare.com/initiate:0
[   60925ms] [ERROR] Failed to load resource: net::ERR_FAILED @ https://clients3.google.com/generate_204:0
[   75925ms] [ERROR] Access to fetch at 'https://clients3.google.com/generate_204' from origin 'https://into-introductory-screensavers-ecology.trycloudflare.com' has been blocked by CORS policy: No 'Access-Control-Allow-Origin' header is present on the requested resource. @ https://into-introductory-screensavers-ecology.trycloudflare.com/initiate:0
[   75925ms] [ERROR] Failed to load resource: net::ERR_FAILED @ https://clients3.google.com/generate_204:0
[   90924ms] [ERROR] Access to fetch at 'https://clients3.google.com/generate_204' from origin 'https://into-introductory-screensavers-ecology.trycloudflare.com' has been blocked by CORS policy: No 'Access-Control-Allow-Origin' header is present on the requested resource. @ https://into-introductory-screensavers-ecology.trycloudflare.com/initiate:0
[   90924ms] [ERROR] Failed to load resource: net::ERR_FAILED @ https://clients3.google.com/generate_204:0
[  105926ms] [ERROR] Access to fetch at 'https://clients3.google.com/generate_204' from origin 'https://into-introductory-screensavers-ecology.trycloudflare.com' has been blocked by CORS policy: No 'Access-Control-Allow-Origin' header is present on the requested resource. @ https://into-introductory-screensavers-ecology.trycloudflare.com/initiate:0
[  105926ms] [ERROR] Failed to load resource: net::ERR_FAILED @ https://clients3.google.com/generate_204:0
[  120924ms] [ERROR] Access to fetch at 'https://clients3.google.com/generate_204' from origin 'https://into-introductory-screensavers-ecology.trycloudflare.com' has been blocked by CORS policy: No 'Access-Control-Allow-Origin' header is present on the requested resource. @ https://into-introductory-screensavers-ecology.trycloudflare.com/initiate:0
[  120924ms] [ERROR] Failed to load resource: net::ERR_FAILED @ https://clients3.google.com/generate_204:0
[  135924ms] [ERROR] Access to fetch at 'https://clients3.google.com/generate_204' from origin 'https://into-introductory-screensavers-ecology.trycloudflare.com' has been blocked by CORS policy: No 'Access-Control-Allow-Origin' header is present on the requested resource. @ https://into-introductory-screensavers-ecology.trycloudflare.com/initiate:0
[  135924ms] [ERROR] Failed to load resource: net::ERR_FAILED @ https://clients3.google.com/generate_204:0
[  150924ms] [ERROR] Access to fetch at 'https://clients3.google.com/generate_204' from origin 'https://into-introductory-screensavers-ecology.trycloudflare.com' has been blocked by CORS policy: No 'Access-Control-Allow-Origin' header is present on the requested resource. @ https://into-introductory-screensavers-ecology.trycloudflare.com/initiate:0
[  150924ms] [ERROR] Failed to load resource: net::ERR_FAILED @ https://clients3.google.com/generate_204:0
[  165923ms] [ERROR] Access to fetch at 'https://clients3.google.com/generate_204' from origin 'https://into-introductory-screensavers-ecology.trycloudflare.com' has been blocked by CORS policy: No 'Access-Control-Allow-Origin' header is present on the requested resource. @ https://into-introductory-screensavers-ecology.trycloudflare.com/initiate:0
[  165924ms] [ERROR] Failed to load resource: net::ERR_FAILED @ https://clients3.google.com/generate_204:0
[  172881ms] [WARNING] Disconnected from Metro (1006: "").

To reconnect:
- Ensure that Metro is running and available on the same network
- Reload this app (will trigger further help if Metro cannot be connected to)
       @ https://into-introductory-screensavers-ecology.trycloudflare.com/node_modules/expo-router/entry.bundle?platform=web&dev=true&hot=false&transform.engine=hermes&transform.routerRoot=app&unstable_transformProfile=hermes-stable:1563
[  180924ms] [ERROR] Access to fetch at 'https://clients3.google.com/generate_204' from origin 'https://into-introductory-screensavers-ecology.trycloudflare.com' has been blocked by CORS policy: No 'Access-Control-Allow-Origin' header is present on the requested resource. @ https://into-introductory-screensavers-ecology.trycloudflare.com/initiate:0
[  180924ms] [ERROR] Failed to load resource: net::ERR_FAILED @ https://clients3.google.com/generate_204:0
[  195924ms] [ERROR] Access to fetch at 'https://clients3.google.com/generate_204' from origin 'https://into-introductory-screensavers-ecology.trycloudflare.com' has been blocked by CORS policy: No 'Access-Control-Allow-Origin' header is present on the requested resource. @ https://into-introductory-screensavers-ecology.trycloudflare.com/initiate:0
[  195924ms] [ERROR] Failed to load resource: net::ERR_FAILED @ https://clients3.google.com/generate_204:0
[  210925ms] [ERROR] Access to fetch at 'https://clients3.google.com/generate_204' from origin 'https://into-introductory-screensavers-ecology.trycloudflare.com' has been blocked by CORS policy: No 'Access-Control-Allow-Origin' header is present on the requested resource. @ https://into-introductory-screensavers-ecology.trycloudflare.com/initiate:0
[  210925ms] [ERROR] Failed to load resource: net::ERR_FAILED @ https://clients3.google.com/generate_204:0
[  225924ms] [ERROR] Access to fetch at 'https://clients3.google.com/generate_204' from origin 'https://into-introductory-screensavers-ecology.trycloudflare.com' has been blocked by CORS policy: No 'Access-Control-Allow-Origin' header is present on the requested resource. @ https://into-introductory-screensavers-ecology.trycloudflare.com/initiate:0
[  225924ms] [ERROR] Failed to load resource: net::ERR_FAILED @ https://clients3.google.com/generate_204:0
[  240923ms] [ERROR] Access to fetch at 'https://clients3.google.com/generate_204' from origin 'https://into-introductory-screensavers-ecology.trycloudflare.com' has been blocked by CORS policy: No 'Access-Control-Allow-Origin' header is present on the requested resource. @ https://into-introductory-screensavers-ecology.trycloudflare.com/initiate:0
[  240923ms] [ERROR] Failed to load resource: net::ERR_FAILED @ https://clients3.google.com/generate_204:0
[  255925ms] [ERROR] Access to fetch at 'https://clients3.google.com/generate_204' from origin 'https://into-introductory-screensavers-ecology.trycloudflare.com' has been blocked by CORS policy: No 'Access-Control-Allow-Origin' header is present on the requested resource. @ https://into-introductory-screensavers-ecology.trycloudflare.com/initiate:0
[  255925ms] [ERROR] Failed to load resource: net::ERR_FAILED @ https://clients3.google.com/generate_204:0
[  270923ms] [ERROR] Access to fetch at 'https://clients3.google.com/generate_204' from origin 'https://into-introductory-screensavers-ecology.trycloudflare.com' has been blocked by CORS policy: No 'Access-Control-Allow-Origin' header is present on the requested resource. @ https://into-introductory-screensavers-ecology.trycloudflare.com/initiate:0
[  270923ms] [ERROR] Failed to load resource: net::ERR_FAILED @ https://clients3.google.com/generate_204:0
[  285922ms] [ERROR] Access to fetch at 'https://clients3.google.com/generate_204' from origin 'https://into-introductory-screensavers-ecology.trycloudflare.com' has been blocked by CORS policy: No 'Access-Control-Allow-Origin' header is present on the requested resource. @ https://into-introductory-screensavers-ecology.trycloudflare.com/initiate:0
[  285922ms] [ERROR] Failed to load resource: net::ERR_FAILED @ https://clients3.google.com/generate_204:0
[  300929ms] [ERROR] Access to fetch at 'https://clients3.google.com/generate_204' from origin 'https://into-introductory-screensavers-ecology.trycloudflare.com' has been blocked by CORS policy: No 'Access-Control-Allow-Origin' header is present on the requested resource. @ https://into-introductory-screensavers-ecology.trycloudflare.com/initiate:0
[  300929ms] [ERROR] Failed to load resource: net::ERR_FAILED @ https://clients3.google.com/generate_204:0
[  315932ms] [ERROR] Access to fetch at 'https://clients3.google.com/generate_204' from origin 'https://into-introductory-screensavers-ecology.trycloudflare.com' has been blocked by CORS policy: No 'Access-Control-Allow-Origin' header is present on the requested resource. @ https://into-introductory-screensavers-ecology.trycloudflare.com/initiate:0
[  315932ms] [ERROR] Failed to load resource: net::ERR_FAILED @ https://clients3.google.com/generate_204:0
[  330936ms] [ERROR] Access to fetch at 'https://clients3.google.com/generate_204' from origin 'https://into-introductory-screensavers-ecology.trycloudflare.com' has been blocked by CORS policy: No 'Access-Control-Allow-Origin' header is present on the requested resource. @ https://into-introductory-screensavers-ecology.trycloudflare.com/initiate:0
[  330936ms] [ERROR] Failed to load resource: net::ERR_FAILED @ https://clients3.google.com/generate_204:0
[  345937ms] [ERROR] Access to fetch at 'https://clients3.google.com/generate_204' from origin 'https://into-introductory-screensavers-ecology.trycloudflare.com' has been blocked by CORS policy: No 'Access-Control-Allow-Origin' header is present on the requested resource. @ https://into-introductory-screensavers-ecology.trycloudflare.com/initiate:0
[  345937ms] [ERROR] Failed to load resource: net::ERR_FAILED @ https://clients3.google.com/generate_204:0
[  360936ms] [ERROR] Access to fetch at 'https://clients3.google.com/generate_204' from origin 'https://into-introductory-screensavers-ecology.trycloudflare.com' has been blocked by CORS policy: No 'Access-Control-Allow-Origin' header is present on the requested resource. @ https://into-introductory-screensavers-ecology.trycloudflare.com/initiate:0
[  360936ms] [ERROR] Failed to load resource: net::ERR_FAILED @ https://clients3.google.com/generate_204:0
[  375937ms] [ERROR] Access to fetch at 'https://clients3.google.com/generate_204' from origin 'https://into-introductory-screensavers-ecology.trycloudflare.com' has been blocked by CORS policy: No 'Access-Control-Allow-Origin' header is present on the requested resource. @ https://into-introductory-screensavers-ecology.trycloudflare.com/initiate:0
[  375938ms] [ERROR] Failed to load resource: net::ERR_FAILED @ https://clients3.google.com/generate_204:0
[  390936ms] [ERROR] Access to fetch at 'https://clients3.google.com/generate_204' from origin 'https://into-introductory-screensavers-ecology.trycloudflare.com' has been blocked by CORS policy: No 'Access-Control-Allow-Origin' header is present on the requested resource. @ https://into-introductory-screensavers-ecology.trycloudflare.com/initiate:0
[  390936ms] [ERROR] Failed to load resource: net::ERR_FAILED @ https://clients3.google.com/generate_204:0
[  405941ms] [ERROR] Access to fetch at 'https://clients3.google.com/generate_204' from origin 'https://into-introductory-screensavers-ecology.trycloudflare.com' has been blocked by CORS policy: No 'Access-Control-Allow-Origin' header is present on the requested resource. @ https://into-introductory-screensavers-ecology.trycloudflare.com/initiate:0
[  405941ms] [ERROR] Failed to load resource: net::ERR_FAILED @ https://clients3.google.com/generate_204:0
[  420942ms] [ERROR] Access to fetch at 'https://clients3.google.com/generate_204' from origin 'https://into-introductory-screensavers-ecology.trycloudflare.com' has been blocked by CORS policy: No 'Access-Control-Allow-Origin' header is present on the requested resource. @ https://into-introductory-screensavers-ecology.trycloudflare.com/initiate:0
[  420943ms] [ERROR] Failed to load resource: net::ERR_FAILED @ https://clients3.google.com/generate_204:0
[  435939ms] [ERROR] Access to fetch at 'https://clients3.google.com/generate_204' from origin 'https://into-introductory-screensavers-ecology.trycloudflare.com' has been blocked by CORS policy: No 'Access-Control-Allow-Origin' header is present on the requested resource. @ https://into-introductory-screensavers-ecology.trycloudflare.com/initiate:0
[  435939ms] [ERROR] Failed to load resource: net::ERR_FAILED @ https://clients3.google.com/generate_204:0
[  450938ms] [ERROR] Access to fetch at 'https://clients3.google.com/generate_204' from origin 'https://into-introductory-screensavers-ecology.trycloudflare.com' has been blocked by CORS policy: No 'Access-Control-Allow-Origin' header is present on the requested resource. @ https://into-introductory-screensavers-ecology.trycloudflare.com/initiate:0
[  450938ms] [ERROR] Failed to load resource: net::ERR_FAILED @ https://clients3.google.com/generate_204:0
[  465938ms] [ERROR] Access to fetch at 'https://clients3.google.com/generate_204' from origin 'https://into-introductory-screensavers-ecology.trycloudflare.com' has been blocked by CORS policy: No 'Access-Control-Allow-Origin' header is present on the requested resource. @ https://into-introductory-screensavers-ecology.trycloudflare.com/initiate:0
[  465938ms] [ERROR] Failed to load resource: net::ERR_FAILED @ https://clients3.google.com/generate_204:0
[  480938ms] [ERROR] Access to fetch at 'https://clients3.google.com/generate_204' from origin 'https://into-introductory-screensavers-ecology.trycloudflare.com' has been blocked by CORS policy: No 'Access-Control-Allow-Origin' header is present on the requested resource. @ https://into-introductory-screensavers-ecology.trycloudflare.com/initiate:0
[  480939ms] [ERROR] Failed to load resource: net::ERR_FAILED @ https://clients3.google.com/generate_204:0
[  495938ms] [ERROR] Access to fetch at 'https://clients3.google.com/generate_204' from origin 'https://into-introductory-screensavers-ecology.trycloudflare.com' has been blocked by CORS policy: No 'Access-Control-Allow-Origin' header is present on the requested resource. @ https://into-introductory-screensavers-ecology.trycloudflare.com/initiate:0
[  495938ms] [ERROR] Failed to load resource: net::ERR_FAILED @ https://clients3.google.com/generate_204:0
[  510938ms] [ERROR] Access to fetch at 'https://clients3.google.com/generate_204' from origin 'https://into-introductory-screensavers-ecology.trycloudflare.com' has been blocked by CORS policy: No 'Access-Control-Allow-Origin' header is present on the requested resource. @ https://into-introductory-screensavers-ecology.trycloudflare.com/initiate:0
[  510938ms] [ERROR] Failed to load resource: net::ERR_FAILED @ https://clients3.google.com/generate_204:0
[  525941ms] [ERROR] Access to fetch at 'https://clients3.google.com/generate_204' from origin 'https://into-introductory-screensavers-ecology.trycloudflare.com' has been blocked by CORS policy: No 'Access-Control-Allow-Origin' header is present on the requested resource. @ https://into-introductory-screensavers-ecology.trycloudflare.com/initiate:0
[  525941ms] [ERROR] Failed to load resource: net::ERR_FAILED @ https://clients3.google.com/generate_204:0
[  540939ms] [ERROR] Access to fetch at 'https://clients3.google.com/generate_204' from origin 'https://into-introductory-screensavers-ecology.trycloudflare.com' has been blocked by CORS policy: No 'Access-Control-Allow-Origin' header is present on the requested resource. @ https://into-introductory-screensavers-ecology.trycloudflare.com/initiate:0
[  540939ms] [ERROR] Failed to load resource: net::ERR_FAILED @ https://clients3.google.com/generate_204:0
[  555942ms] [ERROR] Access to fetch at 'https://clients3.google.com/generate_204' from origin 'https://into-introductory-screensavers-ecology.trycloudflare.com' has been blocked by CORS policy: No 'Access-Control-Allow-Origin' header is present on the requested resource. @ https://into-introductory-screensavers-ecology.trycloudflare.com/initiate:0
[  555942ms] [ERROR] Failed to load resource: net::ERR_FAILED @ https://clients3.google.com/generate_204:0
[  570941ms] [ERROR] Access to fetch at 'https://clients3.google.com/generate_204' from origin 'https://into-introductory-screensavers-ecology.trycloudflare.com' has been blocked by CORS policy: No 'Access-Control-Allow-Origin' header is present on the requested resource. @ https://into-introductory-screensavers-ecology.trycloudflare.com/initiate:0
[  570941ms] [ERROR] Failed to load resource: net::ERR_FAILED @ https://clients3.google.com/generate_204:0
[  585941ms] [ERROR] Access to fetch at 'https://clients3.google.com/generate_204' from origin 'https://into-introductory-screensavers-ecology.trycloudflare.com' has been blocked by CORS policy: No 'Access-Control-Allow-Origin' header is present on the requested resource. @ https://into-introductory-screensavers-ecology.trycloudflare.com/initiate:0
[  585941ms] [ERROR] Failed to load resource: net::ERR_FAILED @ https://clients3.google.com/generate_204:0
[  600938ms] [ERROR] Access to fetch at 'https://clients3.google.com/generate_204' from origin 'https://into-introductory-screensavers-ecology.trycloudflare.com' has been blocked by CORS policy: No 'Access-Control-Allow-Origin' header is present on the requested resource. @ https://into-introductory-screensavers-ecology.trycloudflare.com/initiate:0
[  600938ms] [ERROR] Failed to load resource: net::ERR_FAILED @ https://clients3.google.com/generate_204:0
[  615940ms] [ERROR] Access to fetch at 'https://clients3.google.com/generate_204' from origin 'https://into-introductory-screensavers-ecology.trycloudflare.com' has been blocked by CORS policy: No 'Access-Control-Allow-Origin' header is present on the requested resource. @ https://into-introductory-screensavers-ecology.trycloudflare.com/initiate:0
[  615940ms] [ERROR] Failed to load resource: net::ERR_FAILED @ https://clients3.google.com/generate_204:0
[  630940ms] [ERROR] Access to fetch at 'https://clients3.google.com/generate_204' from origin 'https://into-introductory-screensavers-ecology.trycloudflare.com' has been blocked by CORS policy: No 'Access-Control-Allow-Origin' header is present on the requested resource. @ https://into-introductory-screensavers-ecology.trycloudflare.com/initiate:0
[  630940ms] [ERROR] Failed to load resource: net::ERR_FAILED @ https://clients3.google.com/generate_204:0
[  645941ms] [ERROR] Access to fetch at 'https://clients3.google.com/generate_204' from origin 'https://into-introductory-screensavers-ecology.trycloudflare.com' has been blocked by CORS policy: No 'Access-Control-Allow-Origin' header is present on the requested resource. @ https://into-introductory-screensavers-ecology.trycloudflare.com/initiate:0
[  645941ms] [ERROR] Failed to load resource: net::ERR_FAILED @ https://clients3.google.com/generate_204:0
[  660938ms] [ERROR] Access to fetch at 'https://clients3.google.com/generate_204' from origin 'https://into-introductory-screensavers-ecology.trycloudflare.com' has been blocked by CORS policy: No 'Access-Control-Allow-Origin' header is present on the requested resource. @ https://into-introductory-screensavers-ecology.trycloudflare.com/initiate:0
[  660938ms] [ERROR] Failed to load resource: net::ERR_FAILED @ https://clients3.google.com/generate_204:0
[  675946ms] [ERROR] Access to fetch at 'https://clients3.google.com/generate_204' from origin 'https://into-introductory-screensavers-ecology.trycloudflare.com' has been blocked by CORS policy: No 'Access-Control-Allow-Origin' header is present on the requested resource. @ https://into-introductory-screensavers-ecology.trycloudflare.com/initiate:0
[  675946ms] [ERROR] Failed to load resource: net::ERR_FAILED @ https://clients3.google.com/generate_204:0
[  690940ms] [ERROR] Access to fetch at 'https://clients3.google.com/generate_204' from origin 'https://into-introductory-screensavers-ecology.trycloudflare.com' has been blocked by CORS policy: No 'Access-Control-Allow-Origin' header is present on the requested resource. @ https://into-introductory-screensavers-ecology.trycloudflare.com/initiate:0
[  690940ms] [ERROR] Failed to load resource: net::ERR_FAILED @ https://clients3.google.com/generate_204:0
[  705950ms] [ERROR] Access to fetch at 'https://clients3.google.com/generate_204' from origin 'https://into-introductory-screensavers-ecology.trycloudflare.com' has been blocked by CORS policy: No 'Access-Control-Allow-Origin' header is present on the requested resource. @ https://into-introductory-screensavers-ecology.trycloudflare.com/initiate:0
[  705951ms] [ERROR] Failed to load resource: net::ERR_FAILED @ https://clients3.google.com/generate_204:0
[  720943ms] [ERROR] Access to fetch at 'https://clients3.google.com/generate_204' from origin 'https://into-introductory-screensavers-ecology.trycloudflare.com' has been blocked by CORS policy: No 'Access-Control-Allow-Origin' header is present on the requested resource. @ https://into-introductory-screensavers-ecology.trycloudflare.com/initiate:0
[  720944ms] [ERROR] Failed to load resource: net::ERR_FAILED @ https://clients3.google.com/generate_204:0
[  735943ms] [ERROR] Access to fetch at 'https://clients3.google.com/generate_204' from origin 'https://into-introductory-screensavers-ecology.trycloudflare.com' has been blocked by CORS policy: No 'Access-Control-Allow-Origin' header is present on the requested resource. @ https://into-introductory-screensavers-ecology.trycloudflare.com/initiate:0
[  735943ms] [ERROR] Failed to load resource: net::ERR_FAILED @ https://clients3.google.com/generate_204:0
[  750941ms] [ERROR] Access to fetch at 'https://clients3.google.com/generate_204' from origin 'https://into-introductory-screensavers-ecology.trycloudflare.com' has been blocked by CORS policy: No 'Access-Control-Allow-Origin' header is present on the requested resource. @ https://into-introductory-screensavers-ecology.trycloudflare.com/initiate:0
[  750941ms] [ERROR] Failed to load resource: net::ERR_FAILED @ https://clients3.google.com/generate_204:0
[  765946ms] [ERROR] Access to fetch at 'https://clients3.google.com/generate_204' from origin 'https://into-introductory-screensavers-ecology.trycloudflare.com' has been blocked by CORS policy: No 'Access-Control-Allow-Origin' header is present on the requested resource. @ https://into-introductory-screensavers-ecology.trycloudflare.com/initiate:0
[  765946ms] [ERROR] Failed to load resource: net::ERR_FAILED @ https://clients3.google.com/generate_204:0
[  780941ms] [ERROR] Access to fetch at 'https://clients3.google.com/generate_204' from origin 'https://into-introductory-screensavers-ecology.trycloudflare.com' has been blocked by CORS policy: No 'Access-Control-Allow-Origin' header is present on the requested resource. @ https://into-introductory-screensavers-ecology.trycloudflare.com/initiate:0
[  780942ms] [ERROR] Failed to load resource: net::ERR_FAILED @ https://clients3.google.com/generate_204:0
[  795939ms] [ERROR] Access to fetch at 'https://clients3.google.com/generate_204' from origin 'https://into-introductory-screensavers-ecology.trycloudflare.com' has been blocked by CORS policy: No 'Access-Control-Allow-Origin' header is present on the requested resource. @ https://into-introductory-screensavers-ecology.trycloudflare.com/initiate:0
[  795939ms] [ERROR] Failed to load resource: net::ERR_FAILED @ https://clients3.google.com/generate_204:0
[  810942ms] [ERROR] Access to fetch at 'https://clients3.google.com/generate_204' from origin 'https://into-introductory-screensavers-ecology.trycloudflare.com' has been blocked by CORS policy: No 'Access-Control-Allow-Origin' header is present on the requested resource. @ https://into-introductory-screensavers-ecology.trycloudflare.com/initiate:0
[  810942ms] [ERROR] Failed to load resource: net::ERR_FAILED @ https://clients3.google.com/generate_204:0
[  825940ms] [ERROR] Access to fetch at 'https://clients3.google.com/generate_204' from origin 'https://into-introductory-screensavers-ecology.trycloudflare.com' has been blocked by CORS policy: No 'Access-Control-Allow-Origin' header is present on the requested resource. @ https://into-introductory-screensavers-ecology.trycloudflare.com/initiate:0
[  825940ms] [ERROR] Failed to load resource: net::ERR_FAILED @ https://clients3.google.com/generate_204:0
[  840940ms] [ERROR] Access to fetch at 'https://clients3.google.com/generate_204' from origin 'https://into-introductory-screensavers-ecology.trycloudflare.com' has been blocked by CORS policy: No 'Access-Control-Allow-Origin' header is present on the requested resource. @ https://into-introductory-screensavers-ecology.trycloudflare.com/initiate:0
[  840941ms] [ERROR] Failed to load resource: net::ERR_FAILED @ https://clients3.google.com/generate_204:0
[  855943ms] [ERROR] Access to fetch at 'https://clients3.google.com/generate_204' from origin 'https://into-introductory-screensavers-ecology.trycloudflare.com' has been blocked by CORS policy: No 'Access-Control-Allow-Origin' header is present on the requested resource. @ https://into-introductory-screensavers-ecology.trycloudflare.com/initiate:0
[  855944ms] [ERROR] Failed to load resource: net::ERR_FAILED @ https://clients3.google.com/generate_204:0
[  870944ms] [ERROR] Access to fetch at 'https://clients3.google.com/generate_204' from origin 'https://into-introductory-screensavers-ecology.trycloudflare.com' has been blocked by CORS policy: No 'Access-Control-Allow-Origin' header is present on the requested resource. @ https://into-introductory-screensavers-ecology.trycloudflare.com/initiate:0
[  870944ms] [ERROR] Failed to load resource: net::ERR_FAILED @ https://clients3.google.com/generate_204:0
[  885941ms] [ERROR] Access to fetch at 'https://clients3.google.com/generate_204' from origin 'https://into-introductory-screensavers-ecology.trycloudflare.com' has been blocked by CORS policy: No 'Access-Control-Allow-Origin' header is present on the requested resource. @ https://into-introductory-screensavers-ecology.trycloudflare.com/initiate:0
[  885942ms] [ERROR] Failed to load resource: net::ERR_FAILED @ https://clients3.google.com/generate_204:0
[  900944ms] [ERROR] Access to fetch at 'https://clients3.google.com/generate_204' from origin 'https://into-introductory-screensavers-ecology.trycloudflare.com' has been blocked by CORS policy: No 'Access-Control-Allow-Origin' header is present on the requested resource. @ https://into-introductory-screensavers-ecology.trycloudflare.com/initiate:0
[  900944ms] [ERROR] Failed to load resource: net::ERR_FAILED @ https://clients3.google.com/generate_204:0
[  915944ms] [ERROR] Access to fetch at 'https://clients3.google.com/generate_204' from origin 'https://into-introductory-screensavers-ecology.trycloudflare.com' has been blocked by CORS policy: No 'Access-Control-Allow-Origin' header is present on the requested resource. @ https://into-introductory-screensavers-ecology.trycloudflare.com/initiate:0
[  915945ms] [ERROR] Failed to load resource: net::ERR_FAILED @ https://clients3.google.com/generate_204:0
[  930949ms] [ERROR] Access to fetch at 'https://clients3.google.com/generate_204' from origin 'https://into-introductory-screensavers-ecology.trycloudflare.com' has been blocked by CORS policy: No 'Access-Control-Allow-Origin' header is present on the requested resource. @ https://into-introductory-screensavers-ecology.trycloudflare.com/initiate:0
[  930949ms] [ERROR] Failed to load resource: net::ERR_FAILED @ https://clients3.google.com/generate_204:0
[  945942ms] [ERROR] Access to fetch at 'https://clients3.google.com/generate_204' from origin 'https://into-introductory-screensavers-ecology.trycloudflare.com' has been blocked by CORS policy: No 'Access-Control-Allow-Origin' header is present on the requested resource. @ https://into-introductory-screensavers-ecology.trycloudflare.com/initiate:0
[  945942ms] [ERROR] Failed to load resource: net::ERR_FAILED @ https://clients3.google.com/generate_204:0
[  960941ms] [ERROR] Access to fetch at 'https://clients3.google.com/generate_204' from origin 'https://into-introductory-screensavers-ecology.trycloudflare.com' has been blocked by CORS policy: No 'Access-Control-Allow-Origin' header is present on the requested resource. @ https://into-introductory-screensavers-ecology.trycloudflare.com/initiate:0
[  960942ms] [ERROR] Failed to load resource: net::ERR_FAILED @ https://clients3.google.com/generate_204:0
[  975942ms] [ERROR] Access to fetch at 'https://clients3.google.com/generate_204' from origin 'https://into-introductory-screensavers-ecology.trycloudflare.com' has been blocked by CORS policy: No 'Access-Control-Allow-Origin' header is present on the requested resource. @ https://into-introductory-screensavers-ecology.trycloudflare.com/initiate:0
[  975942ms] [ERROR] Failed to load resource: net::ERR_FAILED @ https://clients3.google.com/generate_204:0
[  990946ms] [ERROR] Access to fetch at 'https://clients3.google.com/generate_204' from origin 'https://into-introductory-screensavers-ecology.trycloudflare.com' has been blocked by CORS policy: No 'Access-Control-Allow-Origin' header is present on the requested resource. @ https://into-introductory-screensavers-ecology.trycloudflare.com/initiate:0
[  990946ms] [ERROR] Failed to load resource: net::ERR_FAILED @ https://clients3.google.com/generate_204:0
[ 1005942ms] [ERROR] Access to fetch at 'https://clients3.google.com/generate_204' from origin 'https://into-introductory-screensavers-ecology.trycloudflare.com' has been blocked by CORS policy: No 'Access-Control-Allow-Origin' header is present on the requested resource. @ https://into-introductory-screensavers-ecology.trycloudflare.com/initiate:0
[ 1005942ms] [ERROR] Failed to load resource: net::ERR_FAILED @ https://clients3.google.com/generate_204:0
[ 1020940ms] [ERROR] Access to fetch at 'https://clients3.google.com/generate_204' from origin 'https://into-introductory-screensavers-ecology.trycloudflare.com' has been blocked by CORS policy: No 'Access-Control-Allow-Origin' header is present on the requested resource. @ https://into-introductory-screensavers-ecology.trycloudflare.com/initiate:0
[ 1020940ms] [ERROR] Failed to load resource: net::ERR_FAILED @ https://clients3.google.com/generate_204:0
[ 1035943ms] [ERROR] Access to fetch at 'https://clients3.google.com/generate_204' from origin 'https://into-introductory-screensavers-ecology.trycloudflare.com' has been blocked by CORS policy: No 'Access-Control-Allow-Origin' header is present on the requested resource. @ https://into-introductory-screensavers-ecology.trycloudflare.com/initiate:0
[ 1035943ms] [ERROR] Failed to load resource: net::ERR_FAILED @ https://clients3.google.com/generate_204:0
[ 1050944ms] [ERROR] Access to fetch at 'https://clients3.google.com/generate_204' from origin 'https://into-introductory-screensavers-ecology.trycloudflare.com' has been blocked by CORS policy: No 'Access-Control-Allow-Origin' header is present on the requested resource. @ https://into-introductory-screensavers-ecology.trycloudflare.com/initiate:0
[ 1050944ms] [ERROR] Failed to load resource: net::ERR_FAILED @ https://clients3.google.com/generate_204:0
[ 1065942ms] [ERROR] Access to fetch at 'https://clients3.google.com/generate_204' from origin 'https://into-introductory-screensavers-ecology.trycloudflare.com' has been blocked by CORS policy: No 'Access-Control-Allow-Origin' header is present on the requested resource. @ https://into-introductory-screensavers-ecology.trycloudflare.com/initiate:0
[ 1065942ms] [ERROR] Failed to load resource: net::ERR_FAILED @ https://clients3.google.com/generate_204:0
[ 1080939ms] [ERROR] Access to fetch at 'https://clients3.google.com/generate_204' from origin 'https://into-introductory-screensavers-ecology.trycloudflare.com' has been blocked by CORS policy: No 'Access-Control-Allow-Origin' header is present on the requested resource. @ https://into-introductory-screensavers-ecology.trycloudflare.com/initiate:0
[ 1080940ms] [ERROR] Failed to load resource: net::ERR_FAILED @ https://clients3.google.com/generate_204:0
[ 1095943ms] [ERROR] Access to fetch at 'https://clients3.google.com/generate_204' from origin 'https://into-introductory-screensavers-ecology.trycloudflare.com' has been blocked by CORS policy: No 'Access-Control-Allow-Origin' header is present on the requested resource. @ https://into-introductory-screensavers-ecology.trycloudflare.com/initiate:0
[ 1095943ms] [ERROR] Failed to load resource: net::ERR_FAILED @ https://clients3.google.com/generate_204:0
[ 1110942ms] [ERROR] Access to fetch at 'https://clients3.google.com/generate_204' from origin 'https://into-introductory-screensavers-ecology.trycloudflare.com' has been blocked by CORS policy: No 'Access-Control-Allow-Origin' header is present on the requested resource. @ https://into-introductory-screensavers-ecology.trycloudflare.com/initiate:0
[ 1110942ms] [ERROR] Failed to load resource: net::ERR_FAILED @ https://clients3.google.com/generate_204:0
[ 1125946ms] [ERROR] Access to fetch at 'https://clients3.google.com/generate_204' from origin 'https://into-introductory-screensavers-ecology.trycloudflare.com' has been blocked by CORS policy: No 'Access-Control-Allow-Origin' header is present on the requested resource. @ https://into-introductory-screensavers-ecology.trycloudflare.com/initiate:0
[ 1125946ms] [ERROR] Failed to load resource: net::ERR_FAILED @ https://clients3.google.com/generate_204:0
[ 1140946ms] [ERROR] Access to fetch at 'https://clients3.google.com/generate_204' from origin 'https://into-introductory-screensavers-ecology.trycloudflare.com' has been blocked by CORS policy: No 'Access-Control-Allow-Origin' header is present on the requested resource. @ https://into-introductory-screensavers-ecology.trycloudflare.com/initiate:0
[ 1140946ms] [ERROR] Failed to load resource: net::ERR_FAILED @ https://clients3.google.com/generate_204:0
[ 1155943ms] [ERROR] Access to fetch at 'https://clients3.google.com/generate_204' from origin 'https://into-introductory-screensavers-ecology.trycloudflare.com' has been blocked by CORS policy: No 'Access-Control-Allow-Origin' header is present on the requested resource. @ https://into-introductory-screensavers-ecology.trycloudflare.com/initiate:0
[ 1155944ms] [ERROR] Failed to load resource: net::ERR_FAILED @ https://clients3.google.com/generate_204:0
[ 1170944ms] [ERROR] Access to fetch at 'https://clients3.google.com/generate_204' from origin 'https://into-introductory-screensavers-ecology.trycloudflare.com' has been blocked by CORS policy: No 'Access-Control-Allow-Origin' header is present on the requested resource. @ https://into-introductory-screensavers-ecology.trycloudflare.com/initiate:0
[ 1170944ms] [ERROR] Failed to load resource: net::ERR_FAILED @ https://clients3.google.com/generate_204:0
[ 1185942ms] [ERROR] Access to fetch at 'https://clients3.google.com/generate_204' from origin 'https://into-introductory-screensavers-ecology.trycloudflare.com' has been blocked by CORS policy: No 'Access-Control-Allow-Origin' header is present on the requested resource. @ https://into-introductory-screensavers-ecology.trycloudflare.com/initiate:0
[ 1185943ms] [ERROR] Failed to load resource: net::ERR_FAILED @ https://clients3.google.com/generate_204:0
[ 1200941ms] [ERROR] Access to fetch at 'https://clients3.google.com/generate_204' from origin 'https://into-introductory-screensavers-ecology.trycloudflare.com' has been blocked by CORS policy: No 'Access-Control-Allow-Origin' header is present on the requested resource. @ https://into-introductory-screensavers-ecology.trycloudflare.com/initiate:0
[ 1200942ms] [ERROR] Failed to load resource: net::ERR_FAILED @ https://clients3.google.com/generate_204:0
[ 1215945ms] [ERROR] Access to fetch at 'https://clients3.google.com/generate_204' from origin 'https://into-introductory-screensavers-ecology.trycloudflare.com' has been blocked by CORS policy: No 'Access-Control-Allow-Origin' header is present on the requested resource. @ https://into-introductory-screensavers-ecology.trycloudflare.com/initiate:0
[ 1215945ms] [ERROR] Failed to load resource: net::ERR_FAILED @ https://clients3.google.com/generate_204:0
[ 1230944ms] [ERROR] Access to fetch at 'https://clients3.google.com/generate_204' from origin 'https://into-introductory-screensavers-ecology.trycloudflare.com' has been blocked by CORS policy: No 'Access-Control-Allow-Origin' header is present on the requested resource. @ https://into-introductory-screensavers-ecology.trycloudflare.com/initiate:0
[ 1230945ms] [ERROR] Failed to load resource: net::ERR_FAILED @ https://clients3.google.com/generate_204:0
[ 1245945ms] [ERROR] Access to fetch at 'https://clients3.google.com/generate_204' from origin 'https://into-introductory-screensavers-ecology.trycloudflare.com' has been blocked by CORS policy: No 'Access-Control-Allow-Origin' header is present on the requested resource. @ https://into-introductory-screensavers-ecology.trycloudflare.com/initiate:0
[ 1245946ms] [ERROR] Failed to load resource: net::ERR_FAILED @ https://clients3.google.com/generate_204:0
[ 1260944ms] [ERROR] Access to fetch at 'https://clients3.google.com/generate_204' from origin 'https://into-introductory-screensavers-ecology.trycloudflare.com' has been blocked by CORS policy: No 'Access-Control-Allow-Origin' header is present on the requested resource. @ https://into-introductory-screensavers-ecology.trycloudflare.com/initiate:0
[ 1260945ms] [ERROR] Failed to load resource: net::ERR_FAILED @ https://clients3.google.com/generate_204:0
[ 1275944ms] [ERROR] Access to fetch at 'https://clients3.google.com/generate_204' from origin 'https://into-introductory-screensavers-ecology.trycloudflare.com' has been blocked by CORS policy: No 'Access-Control-Allow-Origin' header is present on the requested resource. @ https://into-introductory-screensavers-ecology.trycloudflare.com/initiate:0
[ 1275945ms] [ERROR] Failed to load resource: net::ERR_FAILED @ https://clients3.google.com/generate_204:0
[ 1290942ms] [ERROR] Access to fetch at 'https://clients3.google.com/generate_204' from origin 'https://into-introductory-screensavers-ecology.trycloudflare.com' has been blocked by CORS policy: No 'Access-Control-Allow-Origin' header is present on the requested resource. @ https://into-introductory-screensavers-ecology.trycloudflare.com/initiate:0
[ 1290943ms] [ERROR] Failed to load resource: net::ERR_FAILED @ https://clients3.google.com/generate_204:0
[ 1305997ms] [ERROR] Access to fetch at 'https://clients3.google.com/generate_204' from origin 'https://into-introductory-screensavers-ecology.trycloudflare.com' has been blocked by CORS policy: No 'Access-Control-Allow-Origin' header is present on the requested resource. @ https://into-introductory-screensavers-ecology.trycloudflare.com/initiate:0
[ 1305998ms] [ERROR] Failed to load resource: net::ERR_FAILED @ https://clients3.google.com/generate_204:0
[ 1320941ms] [ERROR] Access to fetch at 'https://clients3.google.com/generate_204' from origin 'https://into-introductory-screensavers-ecology.trycloudflare.com' has been blocked by CORS policy: No 'Access-Control-Allow-Origin' header is present on the requested resource. @ https://into-introductory-screensavers-ecology.trycloudflare.com/initiate:0
[ 1320941ms] [ERROR] Failed to load resource: net::ERR_FAILED @ https://clients3.google.com/generate_204:0
[ 1335942ms] [ERROR] Access to fetch at 'https://clients3.google.com/generate_204' from origin 'https://into-introductory-screensavers-ecology.trycloudflare.com' has been blocked by CORS policy: No 'Access-Control-Allow-Origin' header is present on the requested resource. @ https://into-introductory-screensavers-ecology.trycloudflare.com/initiate:0
[ 1335943ms] [ERROR] Failed to load resource: net::ERR_FAILED @ https://clients3.google.com/generate_204:0
[ 1350944ms] [ERROR] Access to fetch at 'https://clients3.google.com/generate_204' from origin 'https://into-introductory-screensavers-ecology.trycloudflare.com' has been blocked by CORS policy: No 'Access-Control-Allow-Origin' header is present on the requested resource. @ https://into-introductory-screensavers-ecology.trycloudflare.com/initiate:0
[ 1350944ms] [ERROR] Failed to load resource: net::ERR_FAILED @ https://clients3.google.com/generate_204:0
[ 1365942ms] [ERROR] Access to fetch at 'https://clients3.google.com/generate_204' from origin 'https://into-introductory-screensavers-ecology.trycloudflare.com' has been blocked by CORS policy: No 'Access-Control-Allow-Origin' header is present on the requested resource. @ https://into-introductory-screensavers-ecology.trycloudflare.com/initiate:0
[ 1365942ms] [ERROR] Failed to load resource: net::ERR_FAILED @ https://clients3.google.com/generate_204:0
[ 1380943ms] [ERROR] Access to fetch at 'https://clients3.google.com/generate_204' from origin 'https://into-introductory-screensavers-ecology.trycloudflare.com' has been blocked by CORS policy: No 'Access-Control-Allow-Origin' header is present on the requested resource. @ https://into-introductory-screensavers-ecology.trycloudflare.com/initiate:0
[ 1380943ms] [ERROR] Failed to load resource: net::ERR_FAILED @ https://clients3.google.com/generate_204:0
[ 1395946ms] [ERROR] Access to fetch at 'https://clients3.google.com/generate_204' from origin 'https://into-introductory-screensavers-ecology.trycloudflare.com' has been blocked by CORS policy: No 'Access-Control-Allow-Origin' header is present on the requested resource. @ https://into-introductory-screensavers-ecology.trycloudflare.com/initiate:0
[ 1395947ms] [ERROR] Failed to load resource: net::ERR_FAILED @ https://clients3.google.com/generate_204:0
[ 1410942ms] [ERROR] Access to fetch at 'https://clients3.google.com/generate_204' from origin 'https://into-introductory-screensavers-ecology.trycloudflare.com' has been blocked by CORS policy: No 'Access-Control-Allow-Origin' header is present on the requested resource. @ https://into-introductory-screensavers-ecology.trycloudflare.com/initiate:0
[ 1410942ms] [ERROR] Failed to load resource: net::ERR_FAILED @ https://clients3.google.com/generate_204:0
[ 1425944ms] [ERROR] Access to fetch at 'https://clients3.google.com/generate_204' from origin 'https://into-introductory-screensavers-ecology.trycloudflare.com' has been blocked by CORS policy: No 'Access-Control-Allow-Origin' header is present on the requested resource. @ https://into-introductory-screensavers-ecology.trycloudflare.com/initiate:0
[ 1425944ms] [ERROR] Failed to load resource: net::ERR_FAILED @ https://clients3.google.com/generate_204:0
[ 1440943ms] [ERROR] Access to fetch at 'https://clients3.google.com/generate_204' from origin 'https://into-introductory-screensavers-ecology.trycloudflare.com' has been blocked by CORS policy: No 'Access-Control-Allow-Origin' header is present on the requested resource. @ https://into-introductory-screensavers-ecology.trycloudflare.com/initiate:0
[ 1440943ms] [ERROR] Failed to load resource: net::ERR_FAILED @ https://clients3.google.com/generate_204:0
[ 1455944ms] [ERROR] Access to fetch at 'https://clients3.google.com/generate_204' from origin 'https://into-introductory-screensavers-ecology.trycloudflare.com' has been blocked by CORS policy: No 'Access-Control-Allow-Origin' header is present on the requested resource. @ https://into-introductory-screensavers-ecology.trycloudflare.com/initiate:0
[ 1455945ms] [ERROR] Failed to load resource: net::ERR_FAILED @ https://clients3.google.com/generate_204:0
[ 1470944ms] [ERROR] Access to fetch at 'https://clients3.google.com/generate_204' from origin 'https://into-introductory-screensavers-ecology.trycloudflare.com' has been blocked by CORS policy: No 'Access-Control-Allow-Origin' header is present on the requested resource. @ https://into-introductory-screensavers-ecology.trycloudflare.com/initiate:0
[ 1470944ms] [ERROR] Failed to load resource: net::ERR_FAILED @ https://clients3.google.com/generate_204:0
[ 1485945ms] [ERROR] Access to fetch at 'https://clients3.google.com/generate_204' from origin 'https://into-introductory-screensavers-ecology.trycloudflare.com' has been blocked by CORS policy: No 'Access-Control-Allow-Origin' header is present on the requested resource. @ https://into-introductory-screensavers-ecology.trycloudflare.com/initiate:0
[ 1485945ms] [ERROR] Failed to load resource: net::ERR_FAILED @ https://clients3.google.com/generate_204:0
[ 1500944ms] [ERROR] Access to fetch at 'https://clients3.google.com/generate_204' from origin 'https://into-introductory-screensavers-ecology.trycloudflare.com' has been blocked by CORS policy: No 'Access-Control-Allow-Origin' header is present on the requested resource. @ https://into-introductory-screensavers-ecology.trycloudflare.com/initiate:0
[ 1500944ms] [ERROR] Failed to load resource: net::ERR_FAILED @ https://clients3.google.com/generate_204:0
[ 1515957ms] [ERROR] Access to fetch at 'https://clients3.google.com/generate_204' from origin 'https://into-introductory-screensavers-ecology.trycloudflare.com' has been blocked by CORS policy: No 'Access-Control-Allow-Origin' header is present on the requested resource. @ https://into-introductory-screensavers-ecology.trycloudflare.com/initiate:0
[ 1515957ms] [ERROR] Failed to load resource: net::ERR_FAILED @ https://clients3.google.com/generate_204:0
[ 1530945ms] [ERROR] Access to fetch at 'https://clients3.google.com/generate_204' from origin 'https://into-introductory-screensavers-ecology.trycloudflare.com' has been blocked by CORS policy: No 'Access-Control-Allow-Origin' header is present on the requested resource. @ https://into-introductory-screensavers-ecology.trycloudflare.com/initiate:0
[ 1530946ms] [ERROR] Failed to load resource: net::ERR_FAILED @ https://clients3.google.com/generate_204:0
[ 1545942ms] [ERROR] Access to fetch at 'https://clients3.google.com/generate_204' from origin 'https://into-introductory-screensavers-ecology.trycloudflare.com' has been blocked by CORS policy: No 'Access-Control-Allow-Origin' header is present on the requested resource. @ https://into-introductory-screensavers-ecology.trycloudflare.com/initiate:0
[ 1545943ms] [ERROR] Failed to load resource: net::ERR_FAILED @ https://clients3.google.com/generate_204:0
[ 1560945ms] [ERROR] Access to fetch at 'https://clients3.google.com/generate_204' from origin 'https://into-introductory-screensavers-ecology.trycloudflare.com' has been blocked by CORS policy: No 'Access-Control-Allow-Origin' header is present on the requested resource. @ https://into-introductory-screensavers-ecology.trycloudflare.com/initiate:0
[ 1560945ms] [ERROR] Failed to load resource: net::ERR_FAILED @ https://clients3.google.com/generate_204:0
[ 1575944ms] [ERROR] Access to fetch at 'https://clients3.google.com/generate_204' from origin 'https://into-introductory-screensavers-ecology.trycloudflare.com' has been blocked by CORS policy: No 'Access-Control-Allow-Origin' header is present on the requested resource. @ https://into-introductory-screensavers-ecology.trycloudflare.com/initiate:0
[ 1575944ms] [ERROR] Failed to load resource: net::ERR_FAILED @ https://clients3.google.com/generate_204:0
[ 1590943ms] [ERROR] Access to fetch at 'https://clients3.google.com/generate_204' from origin 'https://into-introductory-screensavers-ecology.trycloudflare.com' has been blocked by CORS policy: No 'Access-Control-Allow-Origin' header is present on the requested resource. @ https://into-introductory-screensavers-ecology.trycloudflare.com/initiate:0
[ 1590943ms] [ERROR] Failed to load resource: net::ERR_FAILED @ https://clients3.google.com/generate_204:0
[ 1605946ms] [ERROR] Access to fetch at 'https://clients3.google.com/generate_204' from origin 'https://into-introductory-screensavers-ecology.trycloudflare.com' has been blocked by CORS policy: No 'Access-Control-Allow-Origin' header is present on the requested resource. @ https://into-introductory-screensavers-ecology.trycloudflare.com/initiate:0
[ 1605946ms] [ERROR] Failed to load resource: net::ERR_FAILED @ https://clients3.google.com/generate_204:0
[ 1620946ms] [ERROR] Access to fetch at 'https://clients3.google.com/generate_204' from origin 'https://into-introductory-screensavers-ecology.trycloudflare.com' has been blocked by CORS policy: No 'Access-Control-Allow-Origin' header is present on the requested resource. @ https://into-introductory-screensavers-ecology.trycloudflare.com/initiate:0
[ 1620947ms] [ERROR] Failed to load resource: net::ERR_FAILED @ https://clients3.google.com/generate_204:0
[ 1635944ms] [ERROR] Access to fetch at 'https://clients3.google.com/generate_204' from origin 'https://into-introductory-screensavers-ecology.trycloudflare.com' has been blocked by CORS policy: No 'Access-Control-Allow-Origin' header is present on the requested resource. @ https://into-introductory-screensavers-ecology.trycloudflare.com/initiate:0
[ 1635944ms] [ERROR] Failed to load resource: net::ERR_FAILED @ https://clients3.google.com/generate_204:0
[ 1650948ms] [ERROR] Access to fetch at 'https://clients3.google.com/generate_204' from origin 'https://into-introductory-screensavers-ecology.trycloudflare.com' has been blocked by CORS policy: No 'Access-Control-Allow-Origin' header is present on the requested resource. @ https://into-introductory-screensavers-ecology.trycloudflare.com/initiate:0
[ 1650948ms] [ERROR] Failed to load resource: net::ERR_FAILED @ https://clients3.google.com/generate_204:0
[ 1665972ms] [ERROR] Access to fetch at 'https://clients3.google.com/generate_204' from origin 'https://into-introductory-screensavers-ecology.trycloudflare.com' has been blocked by CORS policy: No 'Access-Control-Allow-Origin' header is present on the requested resource. @ https://into-introductory-screensavers-ecology.trycloudflare.com/initiate:0
[ 1665972ms] [ERROR] Failed to load resource: net::ERR_FAILED @ https://clients3.google.com/generate_204:0
[ 1680943ms] [ERROR] Access to fetch at 'https://clients3.google.com/generate_204' from origin 'https://into-introductory-screensavers-ecology.trycloudflare.com' has been blocked by CORS policy: No 'Access-Control-Allow-Origin' header is present on the requested resource. @ https://into-introductory-screensavers-ecology.trycloudflare.com/initiate:0
[ 1680943ms] [ERROR] Failed to load resource: net::ERR_FAILED @ https://clients3.google.com/generate_204:0
[ 1695947ms] [ERROR] Access to fetch at 'https://clients3.google.com/generate_204' from origin 'https://into-introductory-screensavers-ecology.trycloudflare.com' has been blocked by CORS policy: No 'Access-Control-Allow-Origin' header is present on the requested resource. @ https://into-introductory-screensavers-ecology.trycloudflare.com/initiate:0
[ 1695948ms] [ERROR] Failed to load resource: net::ERR_FAILED @ https://clients3.google.com/generate_204:0
[ 1710944ms] [ERROR] Access to fetch at 'https://clients3.google.com/generate_204' from origin 'https://into-introductory-screensavers-ecology.trycloudflare.com' has been blocked by CORS policy: No 'Access-Control-Allow-Origin' header is present on the requested resource. @ https://into-introductory-screensavers-ecology.trycloudflare.com/initiate:0
[ 1710944ms] [ERROR] Failed to load resource: net::ERR_FAILED @ https://clients3.google.com/generate_204:0
[ 1725945ms] [ERROR] Access to fetch at 'https://clients3.google.com/generate_204' from origin 'https://into-introductory-screensavers-ecology.trycloudflare.com' has been blocked by CORS policy: No 'Access-Control-Allow-Origin' header is present on the requested resource. @ https://into-introductory-screensavers-ecology.trycloudflare.com/initiate:0
[ 1725945ms] [ERROR] Failed to load resource: net::ERR_FAILED @ https://clients3.google.com/generate_204:0
[ 1740945ms] [ERROR] Access to fetch at 'https://clients3.google.com/generate_204' from origin 'https://into-introductory-screensavers-ecology.trycloudflare.com' has been blocked by CORS policy: No 'Access-Control-Allow-Origin' header is present on the requested resource. @ https://into-introductory-screensavers-ecology.trycloudflare.com/initiate:0
[ 1740945ms] [ERROR] Failed to load resource: net::ERR_FAILED @ https://clients3.google.com/generate_204:0
[ 1755953ms] [ERROR] Access to fetch at 'https://clients3.google.com/generate_204' from origin 'https://into-introductory-screensavers-ecology.trycloudflare.com' has been blocked by CORS policy: No 'Access-Control-Allow-Origin' header is present on the requested resource. @ https://into-introductory-screensavers-ecology.trycloudflare.com/initiate:0
[ 1755953ms] [ERROR] Failed to load resource: net::ERR_FAILED @ https://clients3.google.com/generate_204:0
[ 1770947ms] [ERROR] Access to fetch at 'https://clients3.google.com/generate_204' from origin 'https://into-introductory-screensavers-ecology.trycloudflare.com' has been blocked by CORS policy: No 'Access-Control-Allow-Origin' header is present on the requested resource. @ https://into-introductory-screensavers-ecology.trycloudflare.com/initiate:0
[ 1770947ms] [ERROR] Failed to load resource: net::ERR_FAILED @ https://clients3.google.com/generate_204:0
[ 1785947ms] [ERROR] Access to fetch at 'https://clients3.google.com/generate_204' from origin 'https://into-introductory-screensavers-ecology.trycloudflare.com' has been blocked by CORS policy: No 'Access-Control-Allow-Origin' header is present on the requested resource. @ https://into-introductory-screensavers-ecology.trycloudflare.com/initiate:0
[ 1785947ms] [ERROR] Failed to load resource: net::ERR_FAILED @ https://clients3.google.com/generate_204:0
[ 1800947ms] [ERROR] Access to fetch at 'https://clients3.google.com/generate_204' from origin 'https://into-introductory-screensavers-ecology.trycloudflare.com' has been blocked by CORS policy: No 'Access-Control-Allow-Origin' header is present on the requested resource. @ https://into-introductory-screensavers-ecology.trycloudflare.com/initiate:0
[ 1800948ms] [ERROR] Failed to load resource: net::ERR_FAILED @ https://clients3.google.com/generate_204:0
[ 1815944ms] [ERROR] Access to fetch at 'https://clients3.google.com/generate_204' from origin 'https://into-introductory-screensavers-ecology.trycloudflare.com' has been blocked by CORS policy: No 'Access-Control-Allow-Origin' header is present on the requested resource. @ https://into-introductory-screensavers-ecology.trycloudflare.com/initiate:0
[ 1815945ms] [ERROR] Failed to load resource: net::ERR_FAILED @ https://clients3.google.com/generate_204:0
[ 1830947ms] [ERROR] Access to fetch at 'https://clients3.google.com/generate_204' from origin 'https://into-introductory-screensavers-ecology.trycloudflare.com' has been blocked by CORS policy: No 'Access-Control-Allow-Origin' header is present on the requested resource. @ https://into-introductory-screensavers-ecology.trycloudflare.com/initiate:0
[ 1830948ms] [ERROR] Failed to load resource: net::ERR_FAILED @ https://clients3.google.com/generate_204:0
[ 1845947ms] [ERROR] Access to fetch at 'https://clients3.google.com/generate_204' from origin 'https://into-introductory-screensavers-ecology.trycloudflare.com' has been blocked by CORS policy: No 'Access-Control-Allow-Origin' header is present on the requested resource. @ https://into-introductory-screensavers-ecology.trycloudflare.com/initiate:0
[ 1845947ms] [ERROR] Failed to load resource: net::ERR_FAILED @ https://clients3.google.com/generate_204:0
[ 1860945ms] [ERROR] Access to fetch at 'https://clients3.google.com/generate_204' from origin 'https://into-introductory-screensavers-ecology.trycloudflare.com' has been blocked by CORS policy: No 'Access-Control-Allow-Origin' header is present on the requested resource. @ https://into-introductory-screensavers-ecology.trycloudflare.com/initiate:0
[ 1860945ms] [ERROR] Failed to load resource: net::ERR_FAILED @ https://clients3.google.com/generate_204:0
[ 1875948ms] [ERROR] Access to fetch at 'https://clients3.google.com/generate_204' from origin 'https://into-introductory-screensavers-ecology.trycloudflare.com' has been blocked by CORS policy: No 'Access-Control-Allow-Origin' header is present on the requested resource. @ https://into-introductory-screensavers-ecology.trycloudflare.com/initiate:0
[ 1875949ms] [ERROR] Failed to load resource: net::ERR_FAILED @ https://clients3.google.com/generate_204:0
[ 1890945ms] [ERROR] Access to fetch at 'https://clients3.google.com/generate_204' from origin 'https://into-introductory-screensavers-ecology.trycloudflare.com' has been blocked by CORS policy: No 'Access-Control-Allow-Origin' header is present on the requested resource. @ https://into-introductory-screensavers-ecology.trycloudflare.com/initiate:0
[ 1890946ms] [ERROR] Failed to load resource: net::ERR_FAILED @ https://clients3.google.com/generate_204:0
[ 1905946ms] [ERROR] Access to fetch at 'https://clients3.google.com/generate_204' from origin 'https://into-introductory-screensavers-ecology.trycloudflare.com' has been blocked by CORS policy: No 'Access-Control-Allow-Origin' header is present on the requested resource. @ https://into-introductory-screensavers-ecology.trycloudflare.com/initiate:0
[ 1905947ms] [ERROR] Failed to load resource: net::ERR_FAILED @ https://clients3.google.com/generate_204:0
[ 1920954ms] [ERROR] Access to fetch at 'https://clients3.google.com/generate_204' from origin 'https://into-introductory-screensavers-ecology.trycloudflare.com' has been blocked by CORS policy: No 'Access-Control-Allow-Origin' header is present on the requested resource. @ https://into-introductory-screensavers-ecology.trycloudflare.com/initiate:0
[ 1920955ms] [ERROR] Failed to load resource: net::ERR_FAILED @ https://clients3.google.com/generate_204:0
[ 1935953ms] [ERROR] Access to fetch at 'https://clients3.google.com/generate_204' from origin 'https://into-introductory-screensavers-ecology.trycloudflare.com' has been blocked by CORS policy: No 'Access-Control-Allow-Origin' header is present on the requested resource. @ https://into-introductory-screensavers-ecology.trycloudflare.com/initiate:0
[ 1935954ms] [ERROR] Failed to load resource: net::ERR_FAILED @ https://clients3.google.com/generate_204:0
[ 1950944ms] [ERROR] Access to fetch at 'https://clients3.google.com/generate_204' from origin 'https://into-introductory-screensavers-ecology.trycloudflare.com' has been blocked by CORS policy: No 'Access-Control-Allow-Origin' header is present on the requested resource. @ https://into-introductory-screensavers-ecology.trycloudflare.com/initiate:0
[ 1950944ms] [ERROR] Failed to load resource: net::ERR_FAILED @ https://clients3.google.com/generate_204:0
[ 1966074ms] [ERROR] Access to fetch at 'https://clients3.google.com/generate_204' from origin 'https://into-introductory-screensavers-ecology.trycloudflare.com' has been blocked by CORS policy: No 'Access-Control-Allow-Origin' header is present on the requested resource. @ https://into-introductory-screensavers-ecology.trycloudflare.com/initiate:0
[ 1966075ms] [ERROR] Failed to load resource: net::ERR_FAILED @ https://clients3.google.com/generate_204:0
[ 1980946ms] [ERROR] Access to fetch at 'https://clients3.google.com/generate_204' from origin 'https://into-introductory-screensavers-ecology.trycloudflare.com' has been blocked by CORS policy: No 'Access-Control-Allow-Origin' header is present on the requested resource. @ https://into-introductory-screensavers-ecology.trycloudflare.com/initiate:0
[ 1980946ms] [ERROR] Failed to load resource: net::ERR_FAILED @ https://clients3.google.com/generate_204:0
[ 1995944ms] [ERROR] Access to fetch at 'https://clients3.google.com/generate_204' from origin 'https://into-introductory-screensavers-ecology.trycloudflare.com' has been blocked by CORS policy: No 'Access-Control-Allow-Origin' header is present on the requested resource. @ https://into-introductory-screensavers-ecology.trycloudflare.com/initiate:0
[ 1995944ms] [ERROR] Failed to load resource: net::ERR_FAILED @ https://clients3.google.com/generate_204:0
[ 2010946ms] [ERROR] Access to fetch at 'https://clients3.google.com/generate_204' from origin 'https://into-introductory-screensavers-ecology.trycloudflare.com' has been blocked by CORS policy: No 'Access-Control-Allow-Origin' header is present on the requested resource. @ https://into-introductory-screensavers-ecology.trycloudflare.com/initiate:0
[ 2010946ms] [ERROR] Failed to load resource: net::ERR_FAILED @ https://clients3.google.com/generate_204:0
[ 2025943ms] [ERROR] Access to fetch at 'https://clients3.google.com/generate_204' from origin 'https://into-introductory-screensavers-ecology.trycloudflare.com' has been blocked by CORS policy: No 'Access-Control-Allow-Origin' header is present on the requested resource. @ https://into-introductory-screensavers-ecology.trycloudflare.com/initiate:0
[ 2025943ms] [ERROR] Failed to load resource: net::ERR_FAILED @ https://clients3.google.com/generate_204:0
[ 2040950ms] [ERROR] Access to fetch at 'https://clients3.google.com/generate_204' from origin 'https://into-introductory-screensavers-ecology.trycloudflare.com' has been blocked by CORS policy: No 'Access-Control-Allow-Origin' header is present on the requested resource. @ https://into-introductory-screensavers-ecology.trycloudflare.com/initiate:0
[ 2040950ms] [ERROR] Failed to load resource: net::ERR_FAILED @ https://clients3.google.com/generate_204:0
[ 2055959ms] [ERROR] Access to fetch at 'https://clients3.google.com/generate_204' from origin 'https://into-introductory-screensavers-ecology.trycloudflare.com' has been blocked by CORS policy: No 'Access-Control-Allow-Origin' header is present on the requested resource. @ https://into-introductory-screensavers-ecology.trycloudflare.com/initiate:0
[ 2055959ms] [ERROR] Failed to load resource: net::ERR_FAILED @ https://clients3.google.com/generate_204:0
[ 2070947ms] [ERROR] Access to fetch at 'https://clients3.google.com/generate_204' from origin 'https://into-introductory-screensavers-ecology.trycloudflare.com' has been blocked by CORS policy: No 'Access-Control-Allow-Origin' header is present on the requested resource. @ https://into-introductory-screensavers-ecology.trycloudflare.com/initiate:0
[ 2070947ms] [ERROR] Failed to load resource: net::ERR_FAILED @ https://clients3.google.com/generate_204:0
[ 2085955ms] [ERROR] Access to fetch at 'https://clients3.google.com/generate_204' from origin 'https://into-introductory-screensavers-ecology.trycloudflare.com' has been blocked by CORS policy: No 'Access-Control-Allow-Origin' header is present on the requested resource. @ https://into-introductory-screensavers-ecology.trycloudflare.com/initiate:0
[ 2085956ms] [ERROR] Failed to load resource: net::ERR_FAILED @ https://clients3.google.com/generate_204:0
[ 2100955ms] [ERROR] Access to fetch at 'https://clients3.google.com/generate_204' from origin 'https://into-introductory-screensavers-ecology.trycloudflare.com' has been blocked by CORS policy: No 'Access-Control-Allow-Origin' header is present on the requested resource. @ https://into-introductory-screensavers-ecology.trycloudflare.com/initiate:0
[ 2100955ms] [ERROR] Failed to load resource: net::ERR_FAILED @ https://clients3.google.com/generate_204:0
[ 2115946ms] [ERROR] Access to fetch at 'https://clients3.google.com/generate_204' from origin 'https://into-introductory-screensavers-ecology.trycloudflare.com' has been blocked by CORS policy: No 'Access-Control-Allow-Origin' header is present on the requested resource. @ https://into-introductory-screensavers-ecology.trycloudflare.com/initiate:0
[ 2115947ms] [ERROR] Failed to load resource: net::ERR_FAILED @ https://clients3.google.com/generate_204:0
[ 2130943ms] [ERROR] Access to fetch at 'https://clients3.google.com/generate_204' from origin 'https://into-introductory-screensavers-ecology.trycloudflare.com' has been blocked by CORS policy: No 'Access-Control-Allow-Origin' header is present on the requested resource. @ https://into-introductory-screensavers-ecology.trycloudflare.com/initiate:0
[ 2130943ms] [ERROR] Failed to load resource: net::ERR_FAILED @ https://clients3.google.com/generate_204:0
[ 2145973ms] [ERROR] Access to fetch at 'https://clients3.google.com/generate_204' from origin 'https://into-introductory-screensavers-ecology.trycloudflare.com' has been blocked by CORS policy: No 'Access-Control-Allow-Origin' header is present on the requested resource. @ https://into-introductory-screensavers-ecology.trycloudflare.com/initiate:0
[ 2145974ms] [ERROR] Failed to load resource: net::ERR_FAILED @ https://clients3.google.com/generate_204:0
[ 2160945ms] [ERROR] Access to fetch at 'https://clients3.google.com/generate_204' from origin 'https://into-introductory-screensavers-ecology.trycloudflare.com' has been blocked by CORS policy: No 'Access-Control-Allow-Origin' header is present on the requested resource. @ https://into-introductory-screensavers-ecology.trycloudflare.com/initiate:0
[ 2160945ms] [ERROR] Failed to load resource: net::ERR_FAILED @ https://clients3.google.com/generate_204:0
[ 2175945ms] [ERROR] Access to fetch at 'https://clients3.google.com/generate_204' from origin 'https://into-introductory-screensavers-ecology.trycloudflare.com' has been blocked by CORS policy: No 'Access-Control-Allow-Origin' header is present on the requested resource. @ https://into-introductory-screensavers-ecology.trycloudflare.com/initiate:0
[ 2175945ms] [ERROR] Failed to load resource: net::ERR_FAILED @ https://clients3.google.com/generate_204:0
[ 2190943ms] [ERROR] Access to fetch at 'https://clients3.google.com/generate_204' from origin 'https://into-introductory-screensavers-ecology.trycloudflare.com' has been blocked by CORS policy: No 'Access-Control-Allow-Origin' header is present on the requested resource. @ https://into-introductory-screensavers-ecology.trycloudflare.com/initiate:0
[ 2190943ms] [ERROR] Failed to load resource: net::ERR_FAILED @ https://clients3.google.com/generate_204:0
[ 2205948ms] [ERROR] Access to fetch at 'https://clients3.google.com/generate_204' from origin 'https://into-introductory-screensavers-ecology.trycloudflare.com' has been blocked by CORS policy: No 'Access-Control-Allow-Origin' header is present on the requested resource. @ https://into-introductory-screensavers-ecology.trycloudflare.com/initiate:0
[ 2205948ms] [ERROR] Failed to load resource: net::ERR_FAILED @ https://clients3.google.com/generate_204:0
[ 2220942ms] [ERROR] Access to fetch at 'https://clients3.google.com/generate_204' from origin 'https://into-introductory-screensavers-ecology.trycloudflare.com' has been blocked by CORS policy: No 'Access-Control-Allow-Origin' header is present on the requested resource. @ https://into-introductory-screensavers-ecology.trycloudflare.com/initiate:0
[ 2220942ms] [ERROR] Failed to load resource: net::ERR_FAILED @ https://clients3.google.com/generate_204:0
[ 2235944ms] [ERROR] Access to fetch at 'https://clients3.google.com/generate_204' from origin 'https://into-introductory-screensavers-ecology.trycloudflare.com' has been blocked by CORS policy: No 'Access-Control-Allow-Origin' header is present on the requested resource. @ https://into-introductory-screensavers-ecology.trycloudflare.com/initiate:0
[ 2235944ms] [ERROR] Failed to load resource: net::ERR_FAILED @ https://clients3.google.com/generate_204:0
[ 2250949ms] [ERROR] Access to fetch at 'https://clients3.google.com/generate_204' from origin 'https://into-introductory-screensavers-ecology.trycloudflare.com' has been blocked by CORS policy: No 'Access-Control-Allow-Origin' header is present on the requested resource. @ https://into-introductory-screensavers-ecology.trycloudflare.com/initiate:0
[ 2250949ms] [ERROR] Failed to load resource: net::ERR_FAILED @ https://clients3.google.com/generate_204:0
[ 2265947ms] [ERROR] Access to fetch at 'https://clients3.google.com/generate_204' from origin 'https://into-introductory-screensavers-ecology.trycloudflare.com' has been blocked by CORS policy: No 'Access-Control-Allow-Origin' header is present on the requested resource. @ https://into-introductory-screensavers-ecology.trycloudflare.com/initiate:0
[ 2265947ms] [ERROR] Failed to load resource: net::ERR_FAILED @ https://clients3.google.com/generate_204:0
[ 2280945ms] [ERROR] Access to fetch at 'https://clients3.google.com/generate_204' from origin 'https://into-introductory-screensavers-ecology.trycloudflare.com' has been blocked by CORS policy: No 'Access-Control-Allow-Origin' header is present on the requested resource. @ https://into-introductory-screensavers-ecology.trycloudflare.com/initiate:0
[ 2280945ms] [ERROR] Failed to load resource: net::ERR_FAILED @ https://clients3.google.com/generate_204:0
[ 2295952ms] [ERROR] Access to fetch at 'https://clients3.google.com/generate_204' from origin 'https://into-introductory-screensavers-ecology.trycloudflare.com' has been blocked by CORS policy: No 'Access-Control-Allow-Origin' header is present on the requested resource. @ https://into-introductory-screensavers-ecology.trycloudflare.com/initiate:0
[ 2295953ms] [ERROR] Failed to load resource: net::ERR_FAILED @ https://clients3.google.com/generate_204:0
[ 2310953ms] [ERROR] Access to fetch at 'https://clients3.google.com/generate_204' from origin 'https://into-introductory-screensavers-ecology.trycloudflare.com' has been blocked by CORS policy: No 'Access-Control-Allow-Origin' header is present on the requested resource. @ https://into-introductory-screensavers-ecology.trycloudflare.com/initiate:0
[ 2310953ms] [ERROR] Failed to load resource: net::ERR_FAILED @ https://clients3.google.com/generate_204:0
[ 2326320ms] [ERROR] Access to fetch at 'https://clients3.google.com/generate_204' from origin 'https://into-introductory-screensavers-ecology.trycloudflare.com' has been blocked by CORS policy: No 'Access-Control-Allow-Origin' header is present on the requested resource. @ https://into-introductory-screensavers-ecology.trycloudflare.com/initiate:0
[ 2326321ms] [ERROR] Failed to load resource: net::ERR_FAILED @ https://clients3.google.com/generate_204:0
[ 2340999ms] [ERROR] Access to fetch at 'https://clients3.google.com/generate_204' from origin 'https://into-introductory-screensavers-ecology.trycloudflare.com' has been blocked by CORS policy: No 'Access-Control-Allow-Origin' header is present on the requested resource. @ https://into-introductory-screensavers-ecology.trycloudflare.com/initiate:0
[ 2340999ms] [ERROR] Failed to load resource: net::ERR_FAILED @ https://clients3.google.com/generate_204:0
[ 2355953ms] [ERROR] Access to fetch at 'https://clients3.google.com/generate_204' from origin 'https://into-introductory-screensavers-ecology.trycloudflare.com' has been blocked by CORS policy: No 'Access-Control-Allow-Origin' header is present on the requested resource. @ https://into-introductory-screensavers-ecology.trycloudflare.com/initiate:0
[ 2355953ms] [ERROR] Failed to load resource: net::ERR_FAILED @ https://clients3.google.com/generate_204:0
[ 2370956ms] [ERROR] Access to fetch at 'https://clients3.google.com/generate_204' from origin 'https://into-introductory-screensavers-ecology.trycloudflare.com' has been blocked by CORS policy: No 'Access-Control-Allow-Origin' header is present on the requested resource. @ https://into-introductory-screensavers-ecology.trycloudflare.com/initiate:0
[ 2370956ms] [ERROR] Failed to load resource: net::ERR_FAILED @ https://clients3.google.com/generate_204:0
[ 2385958ms] [ERROR] Access to fetch at 'https://clients3.google.com/generate_204' from origin 'https://into-introductory-screensavers-ecology.trycloudflare.com' has been blocked by CORS policy: No 'Access-Control-Allow-Origin' header is present on the requested resource. @ https://into-introductory-screensavers-ecology.trycloudflare.com/initiate:0
[ 2385958ms] [ERROR] Failed to load resource: net::ERR_FAILED @ https://clients3.google.com/generate_204:0
[ 2400952ms] [ERROR] Access to fetch at 'https://clients3.google.com/generate_204' from origin 'https://into-introductory-screensavers-ecology.trycloudflare.com' has been blocked by CORS policy: No 'Access-Control-Allow-Origin' header is present on the requested resource. @ https://into-introductory-screensavers-ecology.trycloudflare.com/initiate:0
[ 2400952ms] [ERROR] Failed to load resource: net::ERR_FAILED @ https://clients3.google.com/generate_204:0
[ 2415954ms] [ERROR] Access to fetch at 'https://clients3.google.com/generate_204' from origin 'https://into-introductory-screensavers-ecology.trycloudflare.com' has been blocked by CORS policy: No 'Access-Control-Allow-Origin' header is present on the requested resource. @ https://into-introductory-screensavers-ecology.trycloudflare.com/initiate:0
[ 2415955ms] [ERROR] Failed to load resource: net::ERR_FAILED @ https://clients3.google.com/generate_204:0
[ 2430954ms] [ERROR] Access to fetch at 'https://clients3.google.com/generate_204' from origin 'https://into-introductory-screensavers-ecology.trycloudflare.com' has been blocked by CORS policy: No 'Access-Control-Allow-Origin' header is present on the requested resource. @ https://into-introductory-screensavers-ecology.trycloudflare.com/initiate:0
[ 2430954ms] [ERROR] Failed to load resource: net::ERR_FAILED @ https://clients3.google.com/generate_204:0
[ 2445952ms] [ERROR] Access to fetch at 'https://clients3.google.com/generate_204' from origin 'https://into-introductory-screensavers-ecology.trycloudflare.com' has been blocked by CORS policy: No 'Access-Control-Allow-Origin' header is present on the requested resource. @ https://into-introductory-screensavers-ecology.trycloudflare.com/initiate:0
[ 2445952ms] [ERROR] Failed to load resource: net::ERR_FAILED @ https://clients3.google.com/generate_204:0
[ 2460953ms] [ERROR] Access to fetch at 'https://clients3.google.com/generate_204' from origin 'https://into-introductory-screensavers-ecology.trycloudflare.com' has been blocked by CORS policy: No 'Access-Control-Allow-Origin' header is present on the requested resource. @ https://into-introductory-screensavers-ecology.trycloudflare.com/initiate:0
[ 2460953ms] [ERROR] Failed to load resource: net::ERR_FAILED @ https://clients3.google.com/generate_204:0
[ 2475952ms] [ERROR] Access to fetch at 'https://clients3.google.com/generate_204' from origin 'https://into-introductory-screensavers-ecology.trycloudflare.com' has been blocked by CORS policy: No 'Access-Control-Allow-Origin' header is present on the requested resource. @ https://into-introductory-screensavers-ecology.trycloudflare.com/initiate:0
[ 2475952ms] [ERROR] Failed to load resource: net::ERR_FAILED @ https://clients3.google.com/generate_204:0
[ 2490955ms] [ERROR] Access to fetch at 'https://clients3.google.com/generate_204' from origin 'https://into-introductory-screensavers-ecology.trycloudflare.com' has been blocked by CORS policy: No 'Access-Control-Allow-Origin' header is present on the requested resource. @ https://into-introductory-screensavers-ecology.trycloudflare.com/initiate:0
[ 2490955ms] [ERROR] Failed to load resource: net::ERR_FAILED @ https://clients3.google.com/generate_204:0
[ 2505962ms] [ERROR] Access to fetch at 'https://clients3.google.com/generate_204' from origin 'https://into-introductory-screensavers-ecology.trycloudflare.com' has been blocked by CORS policy: No 'Access-Control-Allow-Origin' header is present on the requested resource. @ https://into-introductory-screensavers-ecology.trycloudflare.com/initiate:0
[ 2505962ms] [ERROR] Failed to load resource: net::ERR_FAILED @ https://clients3.google.com/generate_204:0
[ 2520955ms] [ERROR] Access to fetch at 'https://clients3.google.com/generate_204' from origin 'https://into-introductory-screensavers-ecology.trycloudflare.com' has been blocked by CORS policy: No 'Access-Control-Allow-Origin' header is present on the requested resource. @ https://into-introductory-screensavers-ecology.trycloudflare.com/initiate:0
[ 2520955ms] [ERROR] Failed to load resource: net::ERR_FAILED @ https://clients3.google.com/generate_204:0
[ 2535957ms] [ERROR] Access to fetch at 'https://clients3.google.com/generate_204' from origin 'https://into-introductory-screensavers-ecology.trycloudflare.com' has been blocked by CORS policy: No 'Access-Control-Allow-Origin' header is present on the requested resource. @ https://into-introductory-screensavers-ecology.trycloudflare.com/initiate:0
[ 2535958ms] [ERROR] Failed to load resource: net::ERR_FAILED @ https://clients3.google.com/generate_204:0
[ 2550953ms] [ERROR] Access to fetch at 'https://clients3.google.com/generate_204' from origin 'https://into-introductory-screensavers-ecology.trycloudflare.com' has been blocked by CORS policy: No 'Access-Control-Allow-Origin' header is present on the requested resource. @ https://into-introductory-screensavers-ecology.trycloudflare.com/initiate:0
[ 2550954ms] [ERROR] Failed to load resource: net::ERR_FAILED @ https://clients3.google.com/generate_204:0
[ 2565956ms] [ERROR] Access to fetch at 'https://clients3.google.com/generate_204' from origin 'https://into-introductory-screensavers-ecology.trycloudflare.com' has been blocked by CORS policy: No 'Access-Control-Allow-Origin' header is present on the requested resource. @ https://into-introductory-screensavers-ecology.trycloudflare.com/initiate:0
[ 2565957ms] [ERROR] Failed to load resource: net::ERR_FAILED @ https://clients3.google.com/generate_204:0
[ 2580953ms] [ERROR] Access to fetch at 'https://clients3.google.com/generate_204' from origin 'https://into-introductory-screensavers-ecology.trycloudflare.com' has been blocked by CORS policy: No 'Access-Control-Allow-Origin' header is present on the requested resource. @ https://into-introductory-screensavers-ecology.trycloudflare.com/initiate:0
[ 2580953ms] [ERROR] Failed to load resource: net::ERR_FAILED @ https://clients3.google.com/generate_204:0
[ 2595957ms] [ERROR] Access to fetch at 'https://clients3.google.com/generate_204' from origin 'https://into-introductory-screensavers-ecology.trycloudflare.com' has been blocked by CORS policy: No 'Access-Control-Allow-Origin' header is present on the requested resource. @ https://into-introductory-screensavers-ecology.trycloudflare.com/initiate:0
[ 2595958ms] [ERROR] Failed to load resource: net::ERR_FAILED @ https://clients3.google.com/generate_204:0
[ 2610960ms] [ERROR] Access to fetch at 'https://clients3.google.com/generate_204' from origin 'https://into-introductory-screensavers-ecology.trycloudflare.com' has been blocked by CORS policy: No 'Access-Control-Allow-Origin' header is present on the requested resource. @ https://into-introductory-screensavers-ecology.trycloudflare.com/initiate:0
[ 2610961ms] [ERROR] Failed to load resource: net::ERR_FAILED @ https://clients3.google.com/generate_204:0
[ 2625956ms] [ERROR] Access to fetch at 'https://clients3.google.com/generate_204' from origin 'https://into-introductory-screensavers-ecology.trycloudflare.com' has been blocked by CORS policy: No 'Access-Control-Allow-Origin' header is present on the requested resource. @ https://into-introductory-screensavers-ecology.trycloudflare.com/initiate:0
[ 2625956ms] [ERROR] Failed to load resource: net::ERR_FAILED @ https://clients3.google.com/generate_204:0
[ 2640959ms] [ERROR] Access to fetch at 'https://clients3.google.com/generate_204' from origin 'https://into-introductory-screensavers-ecology.trycloudflare.com' has been blocked by CORS policy: No 'Access-Control-Allow-Origin' header is present on the requested resource. @ https://into-introductory-screensavers-ecology.trycloudflare.com/initiate:0
[ 2640959ms] [ERROR] Failed to load resource: net::ERR_FAILED @ https://clients3.google.com/generate_204:0
[ 2655957ms] [ERROR] Access to fetch at 'https://clients3.google.com/generate_204' from origin 'https://into-introductory-screensavers-ecology.trycloudflare.com' has been blocked by CORS policy: No 'Access-Control-Allow-Origin' header is present on the requested resource. @ https://into-introductory-screensavers-ecology.trycloudflare.com/initiate:0
[ 2655957ms] [ERROR] Failed to load resource: net::ERR_FAILED @ https://clients3.google.com/generate_204:0
[ 2670959ms] [ERROR] Access to fetch at 'https://clients3.google.com/generate_204' from origin 'https://into-introductory-screensavers-ecology.trycloudflare.com' has been blocked by CORS policy: No 'Access-Control-Allow-Origin' header is present on the requested resource. @ https://into-introductory-screensavers-ecology.trycloudflare.com/initiate:0
[ 2670959ms] [ERROR] Failed to load resource: net::ERR_FAILED @ https://clients3.google.com/generate_204:0
[ 2685954ms] [ERROR] Access to fetch at 'https://clients3.google.com/generate_204' from origin 'https://into-introductory-screensavers-ecology.trycloudflare.com' has been blocked by CORS policy: No 'Access-Control-Allow-Origin' header is present on the requested resource. @ https://into-introductory-screensavers-ecology.trycloudflare.com/initiate:0
[ 2685954ms] [ERROR] Failed to load resource: net::ERR_FAILED @ https://clients3.google.com/generate_204:0
[ 2700958ms] [ERROR] Access to fetch at 'https://clients3.google.com/generate_204' from origin 'https://into-introductory-screensavers-ecology.trycloudflare.com' has been blocked by CORS policy: No 'Access-Control-Allow-Origin' header is present on the requested resource. @ https://into-introductory-screensavers-ecology.trycloudflare.com/initiate:0
[ 2700959ms] [ERROR] Failed to load resource: net::ERR_FAILED @ https://clients3.google.com/generate_204:0
[ 2715960ms] [ERROR] Access to fetch at 'https://clients3.google.com/generate_204' from origin 'https://into-introductory-screensavers-ecology.trycloudflare.com' has been blocked by CORS policy: No 'Access-Control-Allow-Origin' header is present on the requested resource. @ https://into-introductory-screensavers-ecology.trycloudflare.com/initiate:0
[ 2715960ms] [ERROR] Failed to load resource: net::ERR_FAILED @ https://clients3.google.com/generate_204:0
[ 2730960ms] [ERROR] Access to fetch at 'https://clients3.google.com/generate_204' from origin 'https://into-introductory-screensavers-ecology.trycloudflare.com' has been blocked by CORS policy: No 'Access-Control-Allow-Origin' header is present on the requested resource. @ https://into-introductory-screensavers-ecology.trycloudflare.com/initiate:0
[ 2730961ms] [ERROR] Failed to load resource: net::ERR_FAILED @ https://clients3.google.com/generate_204:0
[ 2745958ms] [ERROR] Access to fetch at 'https://clients3.google.com/generate_204' from origin 'https://into-introductory-screensavers-ecology.trycloudflare.com' has been blocked by CORS policy: No 'Access-Control-Allow-Origin' header is present on the requested resource. @ https://into-introductory-screensavers-ecology.trycloudflare.com/initiate:0
[ 2745958ms] [ERROR] Failed to load resource: net::ERR_FAILED @ https://clients3.google.com/generate_204:0
[ 2760962ms] [ERROR] Access to fetch at 'https://clients3.google.com/generate_204' from origin 'https://into-introductory-screensavers-ecology.trycloudflare.com' has been blocked by CORS policy: No 'Access-Control-Allow-Origin' header is present on the requested resource. @ https://into-introductory-screensavers-ecology.trycloudflare.com/initiate:0
[ 2760962ms] [ERROR] Failed to load resource: net::ERR_FAILED @ https://clients3.google.com/generate_204:0
[ 2775959ms] [ERROR] Access to fetch at 'https://clients3.google.com/generate_204' from origin 'https://into-introductory-screensavers-ecology.trycloudflare.com' has been blocked by CORS policy: No 'Access-Control-Allow-Origin' header is present on the requested resource. @ https://into-introductory-screensavers-ecology.trycloudflare.com/initiate:0
[ 2775960ms] [ERROR] Failed to load resource: net::ERR_FAILED @ https://clients3.google.com/generate_204:0
[ 2790956ms] [ERROR] Access to fetch at 'https://clients3.google.com/generate_204' from origin 'https://into-introductory-screensavers-ecology.trycloudflare.com' has been blocked by CORS policy: No 'Access-Control-Allow-Origin' header is present on the requested resource. @ https://into-introductory-screensavers-ecology.trycloudflare.com/initiate:0
[ 2790956ms] [ERROR] Failed to load resource: net::ERR_FAILED @ https://clients3.google.com/generate_204:0
[ 2805956ms] [ERROR] Access to fetch at 'https://clients3.google.com/generate_204' from origin 'https://into-introductory-screensavers-ecology.trycloudflare.com' has been blocked by CORS policy: No 'Access-Control-Allow-Origin' header is present on the requested resource. @ https://into-introductory-screensavers-ecology.trycloudflare.com/initiate:0
[ 2805957ms] [ERROR] Failed to load resource: net::ERR_FAILED @ https://clients3.google.com/generate_204:0
[ 2820962ms] [ERROR] Access to fetch at 'https://clients3.google.com/generate_204' from origin 'https://into-introductory-screensavers-ecology.trycloudflare.com' has been blocked by CORS policy: No 'Access-Control-Allow-Origin' header is present on the requested resource. @ https://into-introductory-screensavers-ecology.trycloudflare.com/initiate:0
[ 2820962ms] [ERROR] Failed to load resource: net::ERR_FAILED @ https://clients3.google.com/generate_204:0
[ 2835962ms] [ERROR] Access to fetch at 'https://clients3.google.com/generate_204' from origin 'https://into-introductory-screensavers-ecology.trycloudflare.com' has been blocked by CORS policy: No 'Access-Control-Allow-Origin' header is present on the requested resource. @ https://into-introductory-screensavers-ecology.trycloudflare.com/initiate:0
[ 2835962ms] [ERROR] Failed to load resource: net::ERR_FAILED @ https://clients3.google.com/generate_204:0
[ 2850958ms] [ERROR] Access to fetch at 'https://clients3.google.com/generate_204' from origin 'https://into-introductory-screensavers-ecology.trycloudflare.com' has been blocked by CORS policy: No 'Access-Control-Allow-Origin' header is present on the requested resource. @ https://into-introductory-screensavers-ecology.trycloudflare.com/initiate:0
[ 2850958ms] [ERROR] Failed to load resource: net::ERR_FAILED @ https://clients3.google.com/generate_204:0
[ 2865960ms] [ERROR] Access to fetch at 'https://clients3.google.com/generate_204' from origin 'https://into-introductory-screensavers-ecology.trycloudflare.com' has been blocked by CORS policy: No 'Access-Control-Allow-Origin' header is present on the requested resource. @ https://into-introductory-screensavers-ecology.trycloudflare.com/initiate:0
[ 2865960ms] [ERROR] Failed to load resource: net::ERR_FAILED @ https://clients3.google.com/generate_204:0
[ 2880967ms] [ERROR] Access to fetch at 'https://clients3.google.com/generate_204' from origin 'https://into-introductory-screensavers-ecology.trycloudflare.com' has been blocked by CORS policy: No 'Access-Control-Allow-Origin' header is present on the requested resource. @ https://into-introductory-screensavers-ecology.trycloudflare.com/initiate:0
[ 2880968ms] [ERROR] Failed to load resource: net::ERR_FAILED @ https://clients3.google.com/generate_204:0
[ 2895958ms] [ERROR] Access to fetch at 'https://clients3.google.com/generate_204' from origin 'https://into-introductory-screensavers-ecology.trycloudflare.com' has been blocked by CORS policy: No 'Access-Control-Allow-Origin' header is present on the requested resource. @ https://into-introductory-screensavers-ecology.trycloudflare.com/initiate:0
[ 2895959ms] [ERROR] Failed to load resource: net::ERR_FAILED @ https://clients3.google.com/generate_204:0
[ 2910953ms] [ERROR] Access to fetch at 'https://clients3.google.com/generate_204' from origin 'https://into-introductory-screensavers-ecology.trycloudflare.com' has been blocked by CORS policy: No 'Access-Control-Allow-Origin' header is present on the requested resource. @ https://into-introductory-screensavers-ecology.trycloudflare.com/initiate:0
[ 2910953ms] [ERROR] Failed to load resource: net::ERR_FAILED @ https://clients3.google.com/generate_204:0
[ 2925957ms] [ERROR] Access to fetch at 'https://clients3.google.com/generate_204' from origin 'https://into-introductory-screensavers-ecology.trycloudflare.com' has been blocked by CORS policy: No 'Access-Control-Allow-Origin' header is present on the requested resource. @ https://into-introductory-screensavers-ecology.trycloudflare.com/initiate:0
[ 2925957ms] [ERROR] Failed to load resource: net::ERR_FAILED @ https://clients3.google.com/generate_204:0
[ 2940957ms] [ERROR] Access to fetch at 'https://clients3.google.com/generate_204' from origin 'https://into-introductory-screensavers-ecology.trycloudflare.com' has been blocked by CORS policy: No 'Access-Control-Allow-Origin' header is present on the requested resource. @ https://into-introductory-screensavers-ecology.trycloudflare.com/initiate:0
[ 2940957ms] [ERROR] Failed to load resource: net::ERR_FAILED @ https://clients3.google.com/generate_204:0
[ 2955955ms] [ERROR] Access to fetch at 'https://clients3.google.com/generate_204' from origin 'https://into-introductory-screensavers-ecology.trycloudflare.com' has been blocked by CORS policy: No 'Access-Control-Allow-Origin' header is present on the requested resource. @ https://into-introductory-screensavers-ecology.trycloudflare.com/initiate:0
[ 2955955ms] [ERROR] Failed to load resource: net::ERR_FAILED @ https://clients3.google.com/generate_204:0
[ 2970961ms] [ERROR] Access to fetch at 'https://clients3.google.com/generate_204' from origin 'https://into-introductory-screensavers-ecology.trycloudflare.com' has been blocked by CORS policy: No 'Access-Control-Allow-Origin' header is present on the requested resource. @ https://into-introductory-screensavers-ecology.trycloudflare.com/initiate:0
[ 2970961ms] [ERROR] Failed to load resource: net::ERR_FAILED @ https://clients3.google.com/generate_204:0
[ 2985960ms] [ERROR] Access to fetch at 'https://clients3.google.com/generate_204' from origin 'https://into-introductory-screensavers-ecology.trycloudflare.com' has been blocked by CORS policy: No 'Access-Control-Allow-Origin' header is present on the requested resource. @ https://into-introductory-screensavers-ecology.trycloudflare.com/initiate:0
[ 2985960ms] [ERROR] Failed to load resource: net::ERR_FAILED @ https://clients3.google.com/generate_204:0
[ 3000955ms] [ERROR] Access to fetch at 'https://clients3.google.com/generate_204' from origin 'https://into-introductory-screensavers-ecology.trycloudflare.com' has been blocked by CORS policy: No 'Access-Control-Allow-Origin' header is present on the requested resource. @ https://into-introductory-screensavers-ecology.trycloudflare.com/initiate:0
[ 3000955ms] [ERROR] Failed to load resource: net::ERR_FAILED @ https://clients3.google.com/generate_204:0
[ 3015955ms] [ERROR] Access to fetch at 'https://clients3.google.com/generate_204' from origin 'https://into-introductory-screensavers-ecology.trycloudflare.com' has been blocked by CORS policy: No 'Access-Control-Allow-Origin' header is present on the requested resource. @ https://into-introductory-screensavers-ecology.trycloudflare.com/initiate:0
[ 3015955ms] [ERROR] Failed to load resource: net::ERR_FAILED @ https://clients3.google.com/generate_204:0
[ 3030957ms] [ERROR] Access to fetch at 'https://clients3.google.com/generate_204' from origin 'https://into-introductory-screensavers-ecology.trycloudflare.com' has been blocked by CORS policy: No 'Access-Control-Allow-Origin' header is present on the requested resource. @ https://into-introductory-screensavers-ecology.trycloudflare.com/initiate:0
[ 3030957ms] [ERROR] Failed to load resource: net::ERR_FAILED @ https://clients3.google.com/generate_204:0
[ 3045957ms] [ERROR] Access to fetch at 'https://clients3.google.com/generate_204' from origin 'https://into-introductory-screensavers-ecology.trycloudflare.com' has been blocked by CORS policy: No 'Access-Control-Allow-Origin' header is present on the requested resource. @ https://into-introductory-screensavers-ecology.trycloudflare.com/initiate:0
[ 3045958ms] [ERROR] Failed to load resource: net::ERR_FAILED @ https://clients3.google.com/generate_204:0
[ 3060957ms] [ERROR] Access to fetch at 'https://clients3.google.com/generate_204' from origin 'https://into-introductory-screensavers-ecology.trycloudflare.com' has been blocked by CORS policy: No 'Access-Control-Allow-Origin' header is present on the requested resource. @ https://into-introductory-screensavers-ecology.trycloudflare.com/initiate:0
[ 3060957ms] [ERROR] Failed to load resource: net::ERR_FAILED @ https://clients3.google.com/generate_204:0
[ 3075956ms] [ERROR] Access to fetch at 'https://clients3.google.com/generate_204' from origin 'https://into-introductory-screensavers-ecology.trycloudflare.com' has been blocked by CORS policy: No 'Access-Control-Allow-Origin' header is present on the requested resource. @ https://into-introductory-screensavers-ecology.trycloudflare.com/initiate:0
[ 3075956ms] [ERROR] Failed to load resource: net::ERR_FAILED @ https://clients3.google.com/generate_204:0
[ 3090956ms] [ERROR] Access to fetch at 'https://clients3.google.com/generate_204' from origin 'https://into-introductory-screensavers-ecology.trycloudflare.com' has been blocked by CORS policy: No 'Access-Control-Allow-Origin' header is present on the requested resource. @ https://into-introductory-screensavers-ecology.trycloudflare.com/initiate:0
[ 3090957ms] [ERROR] Failed to load resource: net::ERR_FAILED @ https://clients3.google.com/generate_204:0
[ 3105960ms] [ERROR] Access to fetch at 'https://clients3.google.com/generate_204' from origin 'https://into-introductory-screensavers-ecology.trycloudflare.com' has been blocked by CORS policy: No 'Access-Control-Allow-Origin' header is present on the requested resource. @ https://into-introductory-screensavers-ecology.trycloudflare.com/initiate:0
[ 3105960ms] [ERROR] Failed to load resource: net::ERR_FAILED @ https://clients3.google.com/generate_204:0
[ 3120962ms] [ERROR] Access to fetch at 'https://clients3.google.com/generate_204' from origin 'https://into-introductory-screensavers-ecology.trycloudflare.com' has been blocked by CORS policy: No 'Access-Control-Allow-Origin' header is present on the requested resource. @ https://into-introductory-screensavers-ecology.trycloudflare.com/initiate:0
[ 3120962ms] [ERROR] Failed to load resource: net::ERR_FAILED @ https://clients3.google.com/generate_204:0
[ 3135959ms] [ERROR] Access to fetch at 'https://clients3.google.com/generate_204' from origin 'https://into-introductory-screensavers-ecology.trycloudflare.com' has been blocked by CORS policy: No 'Access-Control-Allow-Origin' header is present on the requested resource. @ https://into-introductory-screensavers-ecology.trycloudflare.com/initiate:0
[ 3135960ms] [ERROR] Failed to load resource: net::ERR_FAILED @ https://clients3.google.com/generate_204:0
[ 3150963ms] [ERROR] Access to fetch at 'https://clients3.google.com/generate_204' from origin 'https://into-introductory-screensavers-ecology.trycloudflare.com' has been blocked by CORS policy: No 'Access-Control-Allow-Origin' header is present on the requested resource. @ https://into-introductory-screensavers-ecology.trycloudflare.com/initiate:0
[ 3150963ms] [ERROR] Failed to load resource: net::ERR_FAILED @ https://clients3.google.com/generate_204:0
[ 3165966ms] [ERROR] Access to fetch at 'https://clients3.google.com/generate_204' from origin 'https://into-introductory-screensavers-ecology.trycloudflare.com' has been blocked by CORS policy: No 'Access-Control-Allow-Origin' header is present on the requested resource. @ https://into-introductory-screensavers-ecology.trycloudflare.com/initiate:0
[ 3165966ms] [ERROR] Failed to load resource: net::ERR_FAILED @ https://clients3.google.com/generate_204:0
[ 3180957ms] [ERROR] Access to fetch at 'https://clients3.google.com/generate_204' from origin 'https://into-introductory-screensavers-ecology.trycloudflare.com' has been blocked by CORS policy: No 'Access-Control-Allow-Origin' header is present on the requested resource. @ https://into-introductory-screensavers-ecology.trycloudflare.com/initiate:0
[ 3180957ms] [ERROR] Failed to load resource: net::ERR_FAILED @ https://clients3.google.com/generate_204:0
[ 3195936ms] [ERROR] Access to fetch at 'https://clients3.google.com/generate_204' from origin 'https://into-introductory-screensavers-ecology.trycloudflare.com' has been blocked by CORS policy: No 'Access-Control-Allow-Origin' header is present on the requested resource. @ https://into-introductory-screensavers-ecology.trycloudflare.com/initiate:0
[ 3195936ms] [ERROR] Failed to load resource: net::ERR_FAILED @ https://clients3.google.com/generate_204:0
[ 3210929ms] [ERROR] Access to fetch at 'https://clients3.google.com/generate_204' from origin 'https://into-introductory-screensavers-ecology.trycloudflare.com' has been blocked by CORS policy: No 'Access-Control-Allow-Origin' header is present on the requested resource. @ https://into-introductory-screensavers-ecology.trycloudflare.com/initiate:0
[ 3210929ms] [ERROR] Failed to load resource: net::ERR_FAILED @ https://clients3.google.com/generate_204:0
[ 3225929ms] [ERROR] Access to fetch at 'https://clients3.google.com/generate_204' from origin 'https://into-introductory-screensavers-ecology.trycloudflare.com' has been blocked by CORS policy: No 'Access-Control-Allow-Origin' header is present on the requested resource. @ https://into-introductory-screensavers-ecology.trycloudflare.com/initiate:0
[ 3225929ms] [ERROR] Failed to load resource: net::ERR_FAILED @ https://clients3.google.com/generate_204:0
[ 3240927ms] [ERROR] Access to fetch at 'https://clients3.google.com/generate_204' from origin 'https://into-introductory-screensavers-ecology.trycloudflare.com' has been blocked by CORS policy: No 'Access-Control-Allow-Origin' header is present on the requested resource. @ https://into-introductory-screensavers-ecology.trycloudflare.com/initiate:0
[ 3240927ms] [ERROR] Failed to load resource: net::ERR_FAILED @ https://clients3.google.com/generate_204:0
[ 3255925ms] [ERROR] Access to fetch at 'https://clients3.google.com/generate_204' from origin 'https://into-introductory-screensavers-ecology.trycloudflare.com' has been blocked by CORS policy: No 'Access-Control-Allow-Origin' header is present on the requested resource. @ https://into-introductory-screensavers-ecology.trycloudflare.com/initiate:0
[ 3255926ms] [ERROR] Failed to load resource: net::ERR_FAILED @ https://clients3.google.com/generate_204:0
[ 3270931ms] [ERROR] Access to fetch at 'https://clients3.google.com/generate_204' from origin 'https://into-introductory-screensavers-ecology.trycloudflare.com' has been blocked by CORS policy: No 'Access-Control-Allow-Origin' header is present on the requested resource. @ https://into-introductory-screensavers-ecology.trycloudflare.com/initiate:0
[ 3270931ms] [ERROR] Failed to load resource: net::ERR_FAILED @ https://clients3.google.com/generate_204:0
[ 3285928ms] [ERROR] Access to fetch at 'https://clients3.google.com/generate_204' from origin 'https://into-introductory-screensavers-ecology.trycloudflare.com' has been blocked by CORS policy: No 'Access-Control-Allow-Origin' header is present on the requested resource. @ https://into-introductory-screensavers-ecology.trycloudflare.com/initiate:0
[ 3285929ms] [ERROR] Failed to load resource: net::ERR_FAILED @ https://clients3.google.com/generate_204:0
[ 3300925ms] [ERROR] Access to fetch at 'https://clients3.google.com/generate_204' from origin 'https://into-introductory-screensavers-ecology.trycloudflare.com' has been blocked by CORS policy: No 'Access-Control-Allow-Origin' header is present on the requested resource. @ https://into-introductory-screensavers-ecology.trycloudflare.com/initiate:0
[ 3300925ms] [ERROR] Failed to load resource: net::ERR_FAILED @ https://clients3.google.com/generate_204:0
[ 3315934ms] [ERROR] Access to fetch at 'https://clients3.google.com/generate_204' from origin 'https://into-introductory-screensavers-ecology.trycloudflare.com' has been blocked by CORS policy: No 'Access-Control-Allow-Origin' header is present on the requested resource. @ https://into-introductory-screensavers-ecology.trycloudflare.com/initiate:0
[ 3315935ms] [ERROR] Failed to load resource: net::ERR_FAILED @ https://clients3.google.com/generate_204:0
[ 3330930ms] [ERROR] Access to fetch at 'https://clients3.google.com/generate_204' from origin 'https://into-introductory-screensavers-ecology.trycloudflare.com' has been blocked by CORS policy: No 'Access-Control-Allow-Origin' header is present on the requested resource. @ https://into-introductory-screensavers-ecology.trycloudflare.com/initiate:0
[ 3330930ms] [ERROR] Failed to load resource: net::ERR_FAILED @ https://clients3.google.com/generate_204:0
[ 3345928ms] [ERROR] Access to fetch at 'https://clients3.google.com/generate_204' from origin 'https://into-introductory-screensavers-ecology.trycloudflare.com' has been blocked by CORS policy: No 'Access-Control-Allow-Origin' header is present on the requested resource. @ https://into-introductory-screensavers-ecology.trycloudflare.com/initiate:0
[ 3345928ms] [ERROR] Failed to load resource: net::ERR_FAILED @ https://clients3.google.com/generate_204:0
[ 3360924ms] [ERROR] Access to fetch at 'https://clients3.google.com/generate_204' from origin 'https://into-introductory-screensavers-ecology.trycloudflare.com' has been blocked by CORS policy: No 'Access-Control-Allow-Origin' header is present on the requested resource. @ https://into-introductory-screensavers-ecology.trycloudflare.com/initiate:0
[ 3360924ms] [ERROR] Failed to load resource: net::ERR_FAILED @ https://clients3.google.com/generate_204:0
[ 3375979ms] [ERROR] Access to fetch at 'https://clients3.google.com/generate_204' from origin 'https://into-introductory-screensavers-ecology.trycloudflare.com' has been blocked by CORS policy: No 'Access-Control-Allow-Origin' header is present on the requested resource. @ https://into-introductory-screensavers-ecology.trycloudflare.com/initiate:0
[ 3375979ms] [ERROR] Failed to load resource: net::ERR_FAILED @ https://clients3.google.com/generate_204:0
[ 3390934ms] [ERROR] Access to fetch at 'https://clients3.google.com/generate_204' from origin 'https://into-introductory-screensavers-ecology.trycloudflare.com' has been blocked by CORS policy: No 'Access-Control-Allow-Origin' header is present on the requested resource. @ https://into-introductory-screensavers-ecology.trycloudflare.com/initiate:0
[ 3390934ms] [ERROR] Failed to load resource: net::ERR_FAILED @ https://clients3.google.com/generate_204:0
[ 3405927ms] [ERROR] Access to fetch at 'https://clients3.google.com/generate_204' from origin 'https://into-introductory-screensavers-ecology.trycloudflare.com' has been blocked by CORS policy: No 'Access-Control-Allow-Origin' header is present on the requested resource. @ https://into-introductory-screensavers-ecology.trycloudflare.com/initiate:0
[ 3405928ms] [ERROR] Failed to load resource: net::ERR_FAILED @ https://clients3.google.com/generate_204:0
[ 3420930ms] [ERROR] Access to fetch at 'https://clients3.google.com/generate_204' from origin 'https://into-introductory-screensavers-ecology.trycloudflare.com' has been blocked by CORS policy: No 'Access-Control-Allow-Origin' header is present on the requested resource. @ https://into-introductory-screensavers-ecology.trycloudflare.com/initiate:0
[ 3420930ms] [ERROR] Failed to load resource: net::ERR_FAILED @ https://clients3.google.com/generate_204:0
[ 3435927ms] [ERROR] Access to fetch at 'https://clients3.google.com/generate_204' from origin 'https://into-introductory-screensavers-ecology.trycloudflare.com' has been blocked by CORS policy: No 'Access-Control-Allow-Origin' header is present on the requested resource. @ https://into-introductory-screensavers-ecology.trycloudflare.com/initiate:0
[ 3435927ms] [ERROR] Failed to load resource: net::ERR_FAILED @ https://clients3.google.com/generate_204:0
[ 3450925ms] [ERROR] Access to fetch at 'https://clients3.google.com/generate_204' from origin 'https://into-introductory-screensavers-ecology.trycloudflare.com' has been blocked by CORS policy: No 'Access-Control-Allow-Origin' header is present on the requested resource. @ https://into-introductory-screensavers-ecology.trycloudflare.com/initiate:0
[ 3450925ms] [ERROR] Failed to load resource: net::ERR_FAILED @ https://clients3.google.com/generate_204:0
[ 3465929ms] [ERROR] Access to fetch at 'https://clients3.google.com/generate_204' from origin 'https://into-introductory-screensavers-ecology.trycloudflare.com' has been blocked by CORS policy: No 'Access-Control-Allow-Origin' header is present on the requested resource. @ https://into-introductory-screensavers-ecology.trycloudflare.com/initiate:0
[ 3465929ms] [ERROR] Failed to load resource: net::ERR_FAILED @ https://clients3.google.com/generate_204:0
[ 3480924ms] [ERROR] Access to fetch at 'https://clients3.google.com/generate_204' from origin 'https://into-introductory-screensavers-ecology.trycloudflare.com' has been blocked by CORS policy: No 'Access-Control-Allow-Origin' header is present on the requested resource. @ https://into-introductory-screensavers-ecology.trycloudflare.com/initiate:0
[ 3480924ms] [ERROR] Failed to load resource: net::ERR_FAILED @ https://clients3.google.com/generate_204:0
[ 3495925ms] [ERROR] Access to fetch at 'https://clients3.google.com/generate_204' from origin 'https://into-introductory-screensavers-ecology.trycloudflare.com' has been blocked by CORS policy: No 'Access-Control-Allow-Origin' header is present on the requested resource. @ https://into-introductory-screensavers-ecology.trycloudflare.com/initiate:0
[ 3495926ms] [ERROR] Failed to load resource: net::ERR_FAILED @ https://clients3.google.com/generate_204:0
[ 3510923ms] [ERROR] Access to fetch at 'https://clients3.google.com/generate_204' from origin 'https://into-introductory-screensavers-ecology.trycloudflare.com' has been blocked by CORS policy: No 'Access-Control-Allow-Origin' header is present on the requested resource. @ https://into-introductory-screensavers-ecology.trycloudflare.com/initiate:0
[ 3510923ms] [ERROR] Failed to load resource: net::ERR_FAILED @ https://clients3.google.com/generate_204:0
[ 3525929ms] [ERROR] Access to fetch at 'https://clients3.google.com/generate_204' from origin 'https://into-introductory-screensavers-ecology.trycloudflare.com' has been blocked by CORS policy: No 'Access-Control-Allow-Origin' header is present on the requested resource. @ https://into-introductory-screensavers-ecology.trycloudflare.com/initiate:0
[ 3525929ms] [ERROR] Failed to load resource: net::ERR_FAILED @ https://clients3.google.com/generate_204:0
[ 3540926ms] [ERROR] Access to fetch at 'https://clients3.google.com/generate_204' from origin 'https://into-introductory-screensavers-ecology.trycloudflare.com' has been blocked by CORS policy: No 'Access-Control-Allow-Origin' header is present on the requested resource. @ https://into-introductory-screensavers-ecology.trycloudflare.com/initiate:0
[ 3540926ms] [ERROR] Failed to load resource: net::ERR_FAILED @ https://clients3.google.com/generate_204:0
[ 3555927ms] [ERROR] Access to fetch at 'https://clients3.google.com/generate_204' from origin 'https://into-introductory-screensavers-ecology.trycloudflare.com' has been blocked by CORS policy: No 'Access-Control-Allow-Origin' header is present on the requested resource. @ https://into-introductory-screensavers-ecology.trycloudflare.com/initiate:0
[ 3555927ms] [ERROR] Failed to load resource: net::ERR_FAILED @ https://clients3.google.com/generate_204:0
[ 3570930ms] [ERROR] Access to fetch at 'https://clients3.google.com/generate_204' from origin 'https://into-introductory-screensavers-ecology.trycloudflare.com' has been blocked by CORS policy: No 'Access-Control-Allow-Origin' header is present on the requested resource. @ https://into-introductory-screensavers-ecology.trycloudflare.com/initiate:0
[ 3570930ms] [ERROR] Failed to load resource: net::ERR_FAILED @ https://clients3.google.com/generate_204:0
[ 3585926ms] [ERROR] Access to fetch at 'https://clients3.google.com/generate_204' from origin 'https://into-introductory-screensavers-ecology.trycloudflare.com' has been blocked by CORS policy: No 'Access-Control-Allow-Origin' header is present on the requested resource. @ https://into-introductory-screensavers-ecology.trycloudflare.com/initiate:0
[ 3585926ms] [ERROR] Failed to load resource: net::ERR_FAILED @ https://clients3.google.com/generate_204:0
[ 3600929ms] [ERROR] Access to fetch at 'https://clients3.google.com/generate_204' from origin 'https://into-introductory-screensavers-ecology.trycloudflare.com' has been blocked by CORS policy: No 'Access-Control-Allow-Origin' header is present on the requested resource. @ https://into-introductory-screensavers-ecology.trycloudflare.com/initiate:0
[ 3600929ms] [ERROR] Failed to load resource: net::ERR_FAILED @ https://clients3.google.com/generate_204:0
[ 3615930ms] [ERROR] Access to fetch at 'https://clients3.google.com/generate_204' from origin 'https://into-introductory-screensavers-ecology.trycloudflare.com' has been blocked by CORS policy: No 'Access-Control-Allow-Origin' header is present on the requested resource. @ https://into-introductory-screensavers-ecology.trycloudflare.com/initiate:0
[ 3615930ms] [ERROR] Failed to load resource: net::ERR_FAILED @ https://clients3.google.com/generate_204:0
[ 3630925ms] [ERROR] Access to fetch at 'https://clients3.google.com/generate_204' from origin 'https://into-introductory-screensavers-ecology.trycloudflare.com' has been blocked by CORS policy: No 'Access-Control-Allow-Origin' header is present on the requested resource. @ https://into-introductory-screensavers-ecology.trycloudflare.com/initiate:0
[ 3630926ms] [ERROR] Failed to load resource: net::ERR_FAILED @ https://clients3.google.com/generate_204:0
[ 3645934ms] [ERROR] Access to fetch at 'https://clients3.google.com/generate_204' from origin 'https://into-introductory-screensavers-ecology.trycloudflare.com' has been blocked by CORS policy: No 'Access-Control-Allow-Origin' header is present on the requested resource. @ https://into-introductory-screensavers-ecology.trycloudflare.com/initiate:0
[ 3645934ms] [ERROR] Failed to load resource: net::ERR_FAILED @ https://clients3.google.com/generate_204:0
[ 3660926ms] [ERROR] Access to fetch at 'https://clients3.google.com/generate_204' from origin 'https://into-introductory-screensavers-ecology.trycloudflare.com' has been blocked by CORS policy: No 'Access-Control-Allow-Origin' header is present on the requested resource. @ https://into-introductory-screensavers-ecology.trycloudflare.com/initiate:0
[ 3660926ms] [ERROR] Failed to load resource: net::ERR_FAILED @ https://clients3.google.com/generate_204:0
[ 3675925ms] [ERROR] Access to fetch at 'https://clients3.google.com/generate_204' from origin 'https://into-introductory-screensavers-ecology.trycloudflare.com' has been blocked by CORS policy: No 'Access-Control-Allow-Origin' header is present on the requested resource. @ https://into-introductory-screensavers-ecology.trycloudflare.com/initiate:0
[ 3675926ms] [ERROR] Failed to load resource: net::ERR_FAILED @ https://clients3.google.com/generate_204:0
[ 3690924ms] [ERROR] Access to fetch at 'https://clients3.google.com/generate_204' from origin 'https://into-introductory-screensavers-ecology.trycloudflare.com' has been blocked by CORS policy: No 'Access-Control-Allow-Origin' header is present on the requested resource. @ https://into-introductory-screensavers-ecology.trycloudflare.com/initiate:0
[ 3690924ms] [ERROR] Failed to load resource: net::ERR_FAILED @ https://clients3.google.com/generate_204:0
[ 3705926ms] [ERROR] Access to fetch at 'https://clients3.google.com/generate_204' from origin 'https://into-introductory-screensavers-ecology.trycloudflare.com' has been blocked by CORS policy: No 'Access-Control-Allow-Origin' header is present on the requested resource. @ https://into-introductory-screensavers-ecology.trycloudflare.com/initiate:0
[ 3705926ms] [ERROR] Failed to load resource: net::ERR_FAILED @ https://clients3.google.com/generate_204:0
[ 3720926ms] [ERROR] Access to fetch at 'https://clients3.google.com/generate_204' from origin 'https://into-introductory-screensavers-ecology.trycloudflare.com' has been blocked by CORS policy: No 'Access-Control-Allow-Origin' header is present on the requested resource. @ https://into-introductory-screensavers-ecology.trycloudflare.com/initiate:0
[ 3720926ms] [ERROR] Failed to load resource: net::ERR_FAILED @ https://clients3.google.com/generate_204:0
[ 3735930ms] [ERROR] Access to fetch at 'https://clients3.google.com/generate_204' from origin 'https://into-introductory-screensavers-ecology.trycloudflare.com' has been blocked by CORS policy: No 'Access-Control-Allow-Origin' header is present on the requested resource. @ https://into-introductory-screensavers-ecology.trycloudflare.com/initiate:0
[ 3735930ms] [ERROR] Failed to load resource: net::ERR_FAILED @ https://clients3.google.com/generate_204:0
[ 3750929ms] [ERROR] Access to fetch at 'https://clients3.google.com/generate_204' from origin 'https://into-introductory-screensavers-ecology.trycloudflare.com' has been blocked by CORS policy: No 'Access-Control-Allow-Origin' header is present on the requested resource. @ https://into-introductory-screensavers-ecology.trycloudflare.com/initiate:0
[ 3750929ms] [ERROR] Failed to load resource: net::ERR_FAILED @ https://clients3.google.com/generate_204:0
[ 3765932ms] [ERROR] Access to fetch at 'https://clients3.google.com/generate_204' from origin 'https://into-introductory-screensavers-ecology.trycloudflare.com' has been blocked by CORS policy: No 'Access-Control-Allow-Origin' header is present on the requested resource. @ https://into-introductory-screensavers-ecology.trycloudflare.com/initiate:0
[ 3765932ms] [ERROR] Failed to load resource: net::ERR_FAILED @ https://clients3.google.com/generate_204:0
[ 3780929ms] [ERROR] Access to fetch at 'https://clients3.google.com/generate_204' from origin 'https://into-introductory-screensavers-ecology.trycloudflare.com' has been blocked by CORS policy: No 'Access-Control-Allow-Origin' header is present on the requested resource. @ https://into-introductory-screensavers-ecology.trycloudflare.com/initiate:0
[ 3780929ms] [ERROR] Failed to load resource: net::ERR_FAILED @ https://clients3.google.com/generate_204:0
[ 3795934ms] [ERROR] Access to fetch at 'https://clients3.google.com/generate_204' from origin 'https://into-introductory-screensavers-ecology.trycloudflare.com' has been blocked by CORS policy: No 'Access-Control-Allow-Origin' header is present on the requested resource. @ https://into-introductory-screensavers-ecology.trycloudflare.com/initiate:0
[ 3795934ms] [ERROR] Failed to load resource: net::ERR_FAILED @ https://clients3.google.com/generate_204:0
[ 3810928ms] [ERROR] Access to fetch at 'https://clients3.google.com/generate_204' from origin 'https://into-introductory-screensavers-ecology.trycloudflare.com' has been blocked by CORS policy: No 'Access-Control-Allow-Origin' header is present on the requested resource. @ https://into-introductory-screensavers-ecology.trycloudflare.com/initiate:0
[ 3810928ms] [ERROR] Failed to load resource: net::ERR_FAILED @ https://clients3.google.com/generate_204:0
[ 3825927ms] [ERROR] Access to fetch at 'https://clients3.google.com/generate_204' from origin 'https://into-introductory-screensavers-ecology.trycloudflare.com' has been blocked by CORS policy: No 'Access-Control-Allow-Origin' header is present on the requested resource. @ https://into-introductory-screensavers-ecology.trycloudflare.com/initiate:0
[ 3825928ms] [ERROR] Failed to load resource: net::ERR_FAILED @ https://clients3.google.com/generate_204:0
[ 3840933ms] [ERROR] Access to fetch at 'https://clients3.google.com/generate_204' from origin 'https://into-introductory-screensavers-ecology.trycloudflare.com' has been blocked by CORS policy: No 'Access-Control-Allow-Origin' header is present on the requested resource. @ https://into-introductory-screensavers-ecology.trycloudflare.com/initiate:0
[ 3840934ms] [ERROR] Failed to load resource: net::ERR_FAILED @ https://clients3.google.com/generate_204:0
[ 3855930ms] [ERROR] Access to fetch at 'https://clients3.google.com/generate_204' from origin 'https://into-introductory-screensavers-ecology.trycloudflare.com' has been blocked by CORS policy: No 'Access-Control-Allow-Origin' header is present on the requested resource. @ https://into-introductory-screensavers-ecology.trycloudflare.com/initiate:0
[ 3855931ms] [ERROR] Failed to load resource: net::ERR_FAILED @ https://clients3.google.com/generate_204:0
[ 3870938ms] [ERROR] Access to fetch at 'https://clients3.google.com/generate_204' from origin 'https://into-introductory-screensavers-ecology.trycloudflare.com' has been blocked by CORS policy: No 'Access-Control-Allow-Origin' header is present on the requested resource. @ https://into-introductory-screensavers-ecology.trycloudflare.com/initiate:0
[ 3870938ms] [ERROR] Failed to load resource: net::ERR_FAILED @ https://clients3.google.com/generate_204:0
[ 3885928ms] [ERROR] Access to fetch at 'https://clients3.google.com/generate_204' from origin 'https://into-introductory-screensavers-ecology.trycloudflare.com' has been blocked by CORS policy: No 'Access-Control-Allow-Origin' header is present on the requested resource. @ https://into-introductory-screensavers-ecology.trycloudflare.com/initiate:0
[ 3885928ms] [ERROR] Failed to load resource: net::ERR_FAILED @ https://clients3.google.com/generate_204:0
[ 3900928ms] [ERROR] Access to fetch at 'https://clients3.google.com/generate_204' from origin 'https://into-introductory-screensavers-ecology.trycloudflare.com' has been blocked by CORS policy: No 'Access-Control-Allow-Origin' header is present on the requested resource. @ https://into-introductory-screensavers-ecology.trycloudflare.com/initiate:0
[ 3900928ms] [ERROR] Failed to load resource: net::ERR_FAILED @ https://clients3.google.com/generate_204:0
[ 3915925ms] [ERROR] Access to fetch at 'https://clients3.google.com/generate_204' from origin 'https://into-introductory-screensavers-ecology.trycloudflare.com' has been blocked by CORS policy: No 'Access-Control-Allow-Origin' header is present on the requested resource. @ https://into-introductory-screensavers-ecology.trycloudflare.com/initiate:0
[ 3915926ms] [ERROR] Failed to load resource: net::ERR_FAILED @ https://clients3.google.com/generate_204:0
[ 3930930ms] [ERROR] Access to fetch at 'https://clients3.google.com/generate_204' from origin 'https://into-introductory-screensavers-ecology.trycloudflare.com' has been blocked by CORS policy: No 'Access-Control-Allow-Origin' header is present on the requested resource. @ https://into-introductory-screensavers-ecology.trycloudflare.com/initiate:0
[ 3930930ms] [ERROR] Failed to load resource: net::ERR_FAILED @ https://clients3.google.com/generate_204:0
[ 3945927ms] [ERROR] Access to fetch at 'https://clients3.google.com/generate_204' from origin 'https://into-introductory-screensavers-ecology.trycloudflare.com' has been blocked by CORS policy: No 'Access-Control-Allow-Origin' header is present on the requested resource. @ https://into-introductory-screensavers-ecology.trycloudflare.com/initiate:0
[ 3945927ms] [ERROR] Failed to load resource: net::ERR_FAILED @ https://clients3.google.com/generate_204:0
[ 3960935ms] [ERROR] Access to fetch at 'https://clients3.google.com/generate_204' from origin 'https://into-introductory-screensavers-ecology.trycloudflare.com' has been blocked by CORS policy: No 'Access-Control-Allow-Origin' header is present on the requested resource. @ https://into-introductory-screensavers-ecology.trycloudflare.com/initiate:0
[ 3960935ms] [ERROR] Failed to load resource: net::ERR_FAILED @ https://clients3.google.com/generate_204:0
[ 3975929ms] [ERROR] Access to fetch at 'https://clients3.google.com/generate_204' from origin 'https://into-introductory-screensavers-ecology.trycloudflare.com' has been blocked by CORS policy: No 'Access-Control-Allow-Origin' header is present on the requested resource. @ https://into-introductory-screensavers-ecology.trycloudflare.com/initiate:0
[ 3975929ms] [ERROR] Failed to load resource: net::ERR_FAILED @ https://clients3.google.com/generate_204:0
[ 3990932ms] [ERROR] Access to fetch at 'https://clients3.google.com/generate_204' from origin 'https://into-introductory-screensavers-ecology.trycloudflare.com' has been blocked by CORS policy: No 'Access-Control-Allow-Origin' header is present on the requested resource. @ https://into-introductory-screensavers-ecology.trycloudflare.com/initiate:0
[ 3990933ms] [ERROR] Failed to load resource: net::ERR_FAILED @ https://clients3.google.com/generate_204:0
[ 4005931ms] [ERROR] Access to fetch at 'https://clients3.google.com/generate_204' from origin 'https://into-introductory-screensavers-ecology.trycloudflare.com' has been blocked by CORS policy: No 'Access-Control-Allow-Origin' header is present on the requested resource. @ https://into-introductory-screensavers-ecology.trycloudflare.com/initiate:0
[ 4005931ms] [ERROR] Failed to load resource: net::ERR_FAILED @ https://clients3.google.com/generate_204:0
[ 4020928ms] [ERROR] Access to fetch at 'https://clients3.google.com/generate_204' from origin 'https://into-introductory-screensavers-ecology.trycloudflare.com' has been blocked by CORS policy: No 'Access-Control-Allow-Origin' header is present on the requested resource. @ https://into-introductory-screensavers-ecology.trycloudflare.com/initiate:0
[ 4020928ms] [ERROR] Failed to load resource: net::ERR_FAILED @ https://clients3.google.com/generate_204:0
[ 4035929ms] [ERROR] Access to fetch at 'https://clients3.google.com/generate_204' from origin 'https://into-introductory-screensavers-ecology.trycloudflare.com' has been blocked by CORS policy: No 'Access-Control-Allow-Origin' header is present on the requested resource. @ https://into-introductory-screensavers-ecology.trycloudflare.com/initiate:0
[ 4035929ms] [ERROR] Failed to load resource: net::ERR_FAILED @ https://clients3.google.com/generate_204:0
[ 4050932ms] [ERROR] Access to fetch at 'https://clients3.google.com/generate_204' from origin 'https://into-introductory-screensavers-ecology.trycloudflare.com' has been blocked by CORS policy: No 'Access-Control-Allow-Origin' header is present on the requested resource. @ https://into-introductory-screensavers-ecology.trycloudflare.com/initiate:0
[ 4050932ms] [ERROR] Failed to load resource: net::ERR_FAILED @ https://clients3.google.com/generate_204:0
[ 4065932ms] [ERROR] Access to fetch at 'https://clients3.google.com/generate_204' from origin 'https://into-introductory-screensavers-ecology.trycloudflare.com' has been blocked by CORS policy: No 'Access-Control-Allow-Origin' header is present on the requested resource. @ https://into-introductory-screensavers-ecology.trycloudflare.com/initiate:0
[ 4065933ms] [ERROR] Failed to load resource: net::ERR_FAILED @ https://clients3.google.com/generate_204:0
[ 4080926ms] [ERROR] Access to fetch at 'https://clients3.google.com/generate_204' from origin 'https://into-introductory-screensavers-ecology.trycloudflare.com' has been blocked by CORS policy: No 'Access-Control-Allow-Origin' header is present on the requested resource. @ https://into-introductory-screensavers-ecology.trycloudflare.com/initiate:0
[ 4080926ms] [ERROR] Failed to load resource: net::ERR_FAILED @ https://clients3.google.com/generate_204:0
[ 4095928ms] [ERROR] Access to fetch at 'https://clients3.google.com/generate_204' from origin 'https://into-introductory-screensavers-ecology.trycloudflare.com' has been blocked by CORS policy: No 'Access-Control-Allow-Origin' header is present on the requested resource. @ https://into-introductory-screensavers-ecology.trycloudflare.com/initiate:0
[ 4095928ms] [ERROR] Failed to load resource: net::ERR_FAILED @ https://clients3.google.com/generate_204:0
[ 4110935ms] [ERROR] Access to fetch at 'https://clients3.google.com/generate_204' from origin 'https://into-introductory-screensavers-ecology.trycloudflare.com' has been blocked by CORS policy: No 'Access-Control-Allow-Origin' header is present on the requested resource. @ https://into-introductory-screensavers-ecology.trycloudflare.com/initiate:0
[ 4110935ms] [ERROR] Failed to load resource: net::ERR_FAILED @ https://clients3.google.com/generate_204:0
[ 4125929ms] [ERROR] Access to fetch at 'https://clients3.google.com/generate_204' from origin 'https://into-introductory-screensavers-ecology.trycloudflare.com' has been blocked by CORS policy: No 'Access-Control-Allow-Origin' header is present on the requested resource. @ https://into-introductory-screensavers-ecology.trycloudflare.com/initiate:0
[ 4125930ms] [ERROR] Failed to load resource: net::ERR_FAILED @ https://clients3.google.com/generate_204:0
[ 4140925ms] [ERROR] Access to fetch at 'https://clients3.google.com/generate_204' from origin 'https://into-introductory-screensavers-ecology.trycloudflare.com' has been blocked by CORS policy: No 'Access-Control-Allow-Origin' header is present on the requested resource. @ https://into-introductory-screensavers-ecology.trycloudflare.com/initiate:0
[ 4140925ms] [ERROR] Failed to load resource: net::ERR_FAILED @ https://clients3.google.com/generate_204:0
[ 4155929ms] [ERROR] Access to fetch at 'https://clients3.google.com/generate_204' from origin 'https://into-introductory-screensavers-ecology.trycloudflare.com' has been blocked by CORS policy: No 'Access-Control-Allow-Origin' header is present on the requested resource. @ https://into-introductory-screensavers-ecology.trycloudflare.com/initiate:0
[ 4155930ms] [ERROR] Failed to load resource: net::ERR_FAILED @ https://clients3.google.com/generate_204:0
[ 4170927ms] [ERROR] Access to fetch at 'https://clients3.google.com/generate_204' from origin 'https://into-introductory-screensavers-ecology.trycloudflare.com' has been blocked by CORS policy: No 'Access-Control-Allow-Origin' header is present on the requested resource. @ https://into-introductory-screensavers-ecology.trycloudflare.com/initiate:0
[ 4170927ms] [ERROR] Failed to load resource: net::ERR_FAILED @ https://clients3.google.com/generate_204:0
[ 4185929ms] [ERROR] Access to fetch at 'https://clients3.google.com/generate_204' from origin 'https://into-introductory-screensavers-ecology.trycloudflare.com' has been blocked by CORS policy: No 'Access-Control-Allow-Origin' header is present on the requested resource. @ https://into-introductory-screensavers-ecology.trycloudflare.com/initiate:0
[ 4185929ms] [ERROR] Failed to load resource: net::ERR_FAILED @ https://clients3.google.com/generate_204:0
[ 4200930ms] [ERROR] Access to fetch at 'https://clients3.google.com/generate_204' from origin 'https://into-introductory-screensavers-ecology.trycloudflare.com' has been blocked by CORS policy: No 'Access-Control-Allow-Origin' header is present on the requested resource. @ https://into-introductory-screensavers-ecology.trycloudflare.com/initiate:0
[ 4200930ms] [ERROR] Failed to load resource: net::ERR_FAILED @ https://clients3.google.com/generate_204:0
[ 4215927ms] [ERROR] Access to fetch at 'https://clients3.google.com/generate_204' from origin 'https://into-introductory-screensavers-ecology.trycloudflare.com' has been blocked by CORS policy: No 'Access-Control-Allow-Origin' header is present on the requested resource. @ https://into-introductory-screensavers-ecology.trycloudflare.com/initiate:0
[ 4215927ms] [ERROR] Failed to load resource: net::ERR_FAILED @ https://clients3.google.com/generate_204:0
[ 4230923ms] [ERROR] Access to fetch at 'https://clients3.google.com/generate_204' from origin 'https://into-introductory-screensavers-ecology.trycloudflare.com' has been blocked by CORS policy: No 'Access-Control-Allow-Origin' header is present on the requested resource. @ https://into-introductory-screensavers-ecology.trycloudflare.com/initiate:0
[ 4230923ms] [ERROR] Failed to load resource: net::ERR_FAILED @ https://clients3.google.com/generate_204:0
[ 4245928ms] [ERROR] Access to fetch at 'https://clients3.google.com/generate_204' from origin 'https://into-introductory-screensavers-ecology.trycloudflare.com' has been blocked by CORS policy: No 'Access-Control-Allow-Origin' header is present on the requested resource. @ https://into-introductory-screensavers-ecology.trycloudflare.com/initiate:0
[ 4245928ms] [ERROR] Failed to load resource: net::ERR_FAILED @ https://clients3.google.com/generate_204:0
[ 4260923ms] [ERROR] Access to fetch at 'https://clients3.google.com/generate_204' from origin 'https://into-introductory-screensavers-ecology.trycloudflare.com' has been blocked by CORS policy: No 'Access-Control-Allow-Origin' header is present on the requested resource. @ https://into-introductory-screensavers-ecology.trycloudflare.com/initiate:0
[ 4260923ms] [ERROR] Failed to load resource: net::ERR_FAILED @ https://clients3.google.com/generate_204:0
[ 4275937ms] [ERROR] Access to fetch at 'https://clients3.google.com/generate_204' from origin 'https://into-introductory-screensavers-ecology.trycloudflare.com' has been blocked by CORS policy: No 'Access-Control-Allow-Origin' header is present on the requested resource. @ https://into-introductory-screensavers-ecology.trycloudflare.com/initiate:0
[ 4275937ms] [ERROR] Failed to load resource: net::ERR_FAILED @ https://clients3.google.com/generate_204:0
[ 4290928ms] [ERROR] Access to fetch at 'https://clients3.google.com/generate_204' from origin 'https://into-introductory-screensavers-ecology.trycloudflare.com' has been blocked by CORS policy: No 'Access-Control-Allow-Origin' header is present on the requested resource. @ https://into-introductory-screensavers-ecology.trycloudflare.com/initiate:0
[ 4290928ms] [ERROR] Failed to load resource: net::ERR_FAILED @ https://clients3.google.com/generate_204:0
[ 4306053ms] [ERROR] Access to fetch at 'https://clients3.google.com/generate_204' from origin 'https://into-introductory-screensavers-ecology.trycloudflare.com' has been blocked by CORS policy: No 'Access-Control-Allow-Origin' header is present on the requested resource. @ https://into-introductory-screensavers-ecology.trycloudflare.com/initiate:0
[ 4306053ms] [ERROR] Failed to load resource: net::ERR_FAILED @ https://clients3.google.com/generate_204:0
[ 4320924ms] [ERROR] Access to fetch at 'https://clients3.google.com/generate_204' from origin 'https://into-introductory-screensavers-ecology.trycloudflare.com' has been blocked by CORS policy: No 'Access-Control-Allow-Origin' header is present on the requested resource. @ https://into-introductory-screensavers-ecology.trycloudflare.com/initiate:0
[ 4320924ms] [ERROR] Failed to load resource: net::ERR_FAILED @ https://clients3.google.com/generate_204:0
[ 4335932ms] [ERROR] Access to fetch at 'https://clients3.google.com/generate_204' from origin 'https://into-introductory-screensavers-ecology.trycloudflare.com' has been blocked by CORS policy: No 'Access-Control-Allow-Origin' header is present on the requested resource. @ https://into-introductory-screensavers-ecology.trycloudflare.com/initiate:0
[ 4335932ms] [ERROR] Failed to load resource: net::ERR_FAILED @ https://clients3.google.com/generate_204:0
[ 4350924ms] [ERROR] Access to fetch at 'https://clients3.google.com/generate_204' from origin 'https://into-introductory-screensavers-ecology.trycloudflare.com' has been blocked by CORS policy: No 'Access-Control-Allow-Origin' header is present on the requested resource. @ https://into-introductory-screensavers-ecology.trycloudflare.com/initiate:0
[ 4350924ms] [ERROR] Failed to load resource: net::ERR_FAILED @ https://clients3.google.com/generate_204:0
[ 4365927ms] [ERROR] Access to fetch at 'https://clients3.google.com/generate_204' from origin 'https://into-introductory-screensavers-ecology.trycloudflare.com' has been blocked by CORS policy: No 'Access-Control-Allow-Origin' header is present on the requested resource. @ https://into-introductory-screensavers-ecology.trycloudflare.com/initiate:0
[ 4365927ms] [ERROR] Failed to load resource: net::ERR_FAILED @ https://clients3.google.com/generate_204:0
[ 4380925ms] [ERROR] Access to fetch at 'https://clients3.google.com/generate_204' from origin 'https://into-introductory-screensavers-ecology.trycloudflare.com' has been blocked by CORS policy: No 'Access-Control-Allow-Origin' header is present on the requested resource. @ https://into-introductory-screensavers-ecology.trycloudflare.com/initiate:0
[ 4380925ms] [ERROR] Failed to load resource: net::ERR_FAILED @ https://clients3.google.com/generate_204:0
[ 4395931ms] [ERROR] Access to fetch at 'https://clients3.google.com/generate_204' from origin 'https://into-introductory-screensavers-ecology.trycloudflare.com' has been blocked by CORS policy: No 'Access-Control-Allow-Origin' header is present on the requested resource. @ https://into-introductory-screensavers-ecology.trycloudflare.com/initiate:0
[ 4395931ms] [ERROR] Failed to load resource: net::ERR_FAILED @ https://clients3.google.com/generate_204:0
[ 4410925ms] [ERROR] Access to fetch at 'https://clients3.google.com/generate_204' from origin 'https://into-introductory-screensavers-ecology.trycloudflare.com' has been blocked by CORS policy: No 'Access-Control-Allow-Origin' header is present on the requested resource. @ https://into-introductory-screensavers-ecology.trycloudflare.com/initiate:0
[ 4410925ms] [ERROR] Failed to load resource: net::ERR_FAILED @ https://clients3.google.com/generate_204:0
[ 4425930ms] [ERROR] Access to fetch at 'https://clients3.google.com/generate_204' from origin 'https://into-introductory-screensavers-ecology.trycloudflare.com' has been blocked by CORS policy: No 'Access-Control-Allow-Origin' header is present on the requested resource. @ https://into-introductory-screensavers-ecology.trycloudflare.com/initiate:0
[ 4425931ms] [ERROR] Failed to load resource: net::ERR_FAILED @ https://clients3.google.com/generate_204:0
[ 4440924ms] [ERROR] Access to fetch at 'https://clients3.google.com/generate_204' from origin 'https://into-introductory-screensavers-ecology.trycloudflare.com' has been blocked by CORS policy: No 'Access-Control-Allow-Origin' header is present on the requested resource. @ https://into-introductory-screensavers-ecology.trycloudflare.com/initiate:0
[ 4440924ms] [ERROR] Failed to load resource: net::ERR_FAILED @ https://clients3.google.com/generate_204:0
[ 4455924ms] [ERROR] Access to fetch at 'https://clients3.google.com/generate_204' from origin 'https://into-introductory-screensavers-ecology.trycloudflare.com' has been blocked by CORS policy: No 'Access-Control-Allow-Origin' header is present on the requested resource. @ https://into-introductory-screensavers-ecology.trycloudflare.com/initiate:0
[ 4455924ms] [ERROR] Failed to load resource: net::ERR_FAILED @ https://clients3.google.com/generate_204:0
[ 4470924ms] [ERROR] Access to fetch at 'https://clients3.google.com/generate_204' from origin 'https://into-introductory-screensavers-ecology.trycloudflare.com' has been blocked by CORS policy: No 'Access-Control-Allow-Origin' header is present on the requested resource. @ https://into-introductory-screensavers-ecology.trycloudflare.com/initiate:0
[ 4470924ms] [ERROR] Failed to load resource: net::ERR_FAILED @ https://clients3.google.com/generate_204:0
[ 4485927ms] [ERROR] Access to fetch at 'https://clients3.google.com/generate_204' from origin 'https://into-introductory-screensavers-ecology.trycloudflare.com' has been blocked by CORS policy: No 'Access-Control-Allow-Origin' header is present on the requested resource. @ https://into-introductory-screensavers-ecology.trycloudflare.com/initiate:0
[ 4485928ms] [ERROR] Failed to load resource: net::ERR_FAILED @ https://clients3.google.com/generate_204:0
[ 4500925ms] [ERROR] Access to fetch at 'https://clients3.google.com/generate_204' from origin 'https://into-introductory-screensavers-ecology.trycloudflare.com' has been blocked by CORS policy: No 'Access-Control-Allow-Origin' header is present on the requested resource. @ https://into-introductory-screensavers-ecology.trycloudflare.com/initiate:0
[ 4500925ms] [ERROR] Failed to load resource: net::ERR_FAILED @ https://clients3.google.com/generate_204:0
[ 4515929ms] [ERROR] Access to fetch at 'https://clients3.google.com/generate_204' from origin 'https://into-introductory-screensavers-ecology.trycloudflare.com' has been blocked by CORS policy: No 'Access-Control-Allow-Origin' header is present on the requested resource. @ https://into-introductory-screensavers-ecology.trycloudflare.com/initiate:0
[ 4515929ms] [ERROR] Failed to load resource: net::ERR_FAILED @ https://clients3.google.com/generate_204:0
[ 4530926ms] [ERROR] Access to fetch at 'https://clients3.google.com/generate_204' from origin 'https://into-introductory-screensavers-ecology.trycloudflare.com' has been blocked by CORS policy: No 'Access-Control-Allow-Origin' header is present on the requested resource. @ https://into-introductory-screensavers-ecology.trycloudflare.com/initiate:0
[ 4530926ms] [ERROR] Failed to load resource: net::ERR_FAILED @ https://clients3.google.com/generate_204:0
[ 4545923ms] [ERROR] Access to fetch at 'https://clients3.google.com/generate_204' from origin 'https://into-introductory-screensavers-ecology.trycloudflare.com' has been blocked by CORS policy: No 'Access-Control-Allow-Origin' header is present on the requested resource. @ https://into-introductory-screensavers-ecology.trycloudflare.com/initiate:0
[ 4545923ms] [ERROR] Failed to load resource: net::ERR_FAILED @ https://clients3.google.com/generate_204:0
[ 4560925ms] [ERROR] Access to fetch at 'https://clients3.google.com/generate_204' from origin 'https://into-introductory-screensavers-ecology.trycloudflare.com' has been blocked by CORS policy: No 'Access-Control-Allow-Origin' header is present on the requested resource. @ https://into-introductory-screensavers-ecology.trycloudflare.com/initiate:0
[ 4560925ms] [ERROR] Failed to load resource: net::ERR_FAILED @ https://clients3.google.com/generate_204:0
[ 4575932ms] [ERROR] Access to fetch at 'https://clients3.google.com/generate_204' from origin 'https://into-introductory-screensavers-ecology.trycloudflare.com' has been blocked by CORS policy: No 'Access-Control-Allow-Origin' header is present on the requested resource. @ https://into-introductory-screensavers-ecology.trycloudflare.com/initiate:0
[ 4575932ms] [ERROR] Failed to load resource: net::ERR_FAILED @ https://clients3.google.com/generate_204:0
[ 4590928ms] [ERROR] Access to fetch at 'https://clients3.google.com/generate_204' from origin 'https://into-introductory-screensavers-ecology.trycloudflare.com' has been blocked by CORS policy: No 'Access-Control-Allow-Origin' header is present on the requested resource. @ https://into-introductory-screensavers-ecology.trycloudflare.com/initiate:0
[ 4590928ms] [ERROR] Failed to load resource: net::ERR_FAILED @ https://clients3.google.com/generate_204:0
[ 4605924ms] [ERROR] Access to fetch at 'https://clients3.google.com/generate_204' from origin 'https://into-introductory-screensavers-ecology.trycloudflare.com' has been blocked by CORS policy: No 'Access-Control-Allow-Origin' header is present on the requested resource. @ https://into-introductory-screensavers-ecology.trycloudflare.com/initiate:0
[ 4605924ms] [ERROR] Failed to load resource: net::ERR_FAILED @ https://clients3.google.com/generate_204:0
[ 4620928ms] [ERROR] Access to fetch at 'https://clients3.google.com/generate_204' from origin 'https://into-introductory-screensavers-ecology.trycloudflare.com' has been blocked by CORS policy: No 'Access-Control-Allow-Origin' header is present on the requested resource. @ https://into-introductory-screensavers-ecology.trycloudflare.com/initiate:0
[ 4620928ms] [ERROR] Failed to load resource: net::ERR_FAILED @ https://clients3.google.com/generate_204:0
[ 4635927ms] [ERROR] Access to fetch at 'https://clients3.google.com/generate_204' from origin 'https://into-introductory-screensavers-ecology.trycloudflare.com' has been blocked by CORS policy: No 'Access-Control-Allow-Origin' header is present on the requested resource. @ https://into-introductory-screensavers-ecology.trycloudflare.com/initiate:0
[ 4635927ms] [ERROR] Failed to load resource: net::ERR_FAILED @ https://clients3.google.com/generate_204:0
[ 4650923ms] [ERROR] Access to fetch at 'https://clients3.google.com/generate_204' from origin 'https://into-introductory-screensavers-ecology.trycloudflare.com' has been blocked by CORS policy: No 'Access-Control-Allow-Origin' header is present on the requested resource. @ https://into-introductory-screensavers-ecology.trycloudflare.com/initiate:0
[ 4650923ms] [ERROR] Failed to load resource: net::ERR_FAILED @ https://clients3.google.com/generate_204:0
[ 4665924ms] [ERROR] Access to fetch at 'https://clients3.google.com/generate_204' from origin 'https://into-introductory-screensavers-ecology.trycloudflare.com' has been blocked by CORS policy: No 'Access-Control-Allow-Origin' header is present on the requested resource. @ https://into-introductory-screensavers-ecology.trycloudflare.com/initiate:0
[ 4665924ms] [ERROR] Failed to load resource: net::ERR_FAILED @ https://clients3.google.com/generate_204:0
[ 4680929ms] [ERROR] Access to fetch at 'https://clients3.google.com/generate_204' from origin 'https://into-introductory-screensavers-ecology.trycloudflare.com' has been blocked by CORS policy: No 'Access-Control-Allow-Origin' header is present on the requested resource. @ https://into-introductory-screensavers-ecology.trycloudflare.com/initiate:0
[ 4680930ms] [ERROR] Failed to load resource: net::ERR_FAILED @ https://clients3.google.com/generate_204:0
[ 4695924ms] [ERROR] Access to fetch at 'https://clients3.google.com/generate_204' from origin 'https://into-introductory-screensavers-ecology.trycloudflare.com' has been blocked by CORS policy: No 'Access-Control-Allow-Origin' header is present on the requested resource. @ https://into-introductory-screensavers-ecology.trycloudflare.com/initiate:0
[ 4695924ms] [ERROR] Failed to load resource: net::ERR_FAILED @ https://clients3.google.com/generate_204:0
[ 4710929ms] [ERROR] Access to fetch at 'https://clients3.google.com/generate_204' from origin 'https://into-introductory-screensavers-ecology.trycloudflare.com' has been blocked by CORS policy: No 'Access-Control-Allow-Origin' header is present on the requested resource. @ https://into-introductory-screensavers-ecology.trycloudflare.com/initiate:0
[ 4710929ms] [ERROR] Failed to load resource: net::ERR_FAILED @ https://clients3.google.com/generate_204:0
[ 4725926ms] [ERROR] Access to fetch at 'https://clients3.google.com/generate_204' from origin 'https://into-introductory-screensavers-ecology.trycloudflare.com' has been blocked by CORS policy: No 'Access-Control-Allow-Origin' header is present on the requested resource. @ https://into-introductory-screensavers-ecology.trycloudflare.com/initiate:0
[ 4725926ms] [ERROR] Failed to load resource: net::ERR_FAILED @ https://clients3.google.com/generate_204:0
[ 4740923ms] [ERROR] Access to fetch at 'https://clients3.google.com/generate_204' from origin 'https://into-introductory-screensavers-ecology.trycloudflare.com' has been blocked by CORS policy: No 'Access-Control-Allow-Origin' header is present on the requested resource. @ https://into-introductory-screensavers-ecology.trycloudflare.com/initiate:0
[ 4740923ms] [ERROR] Failed to load resource: net::ERR_FAILED @ https://clients3.google.com/generate_204:0
[ 4755922ms] [ERROR] Access to fetch at 'https://clients3.google.com/generate_204' from origin 'https://into-introductory-screensavers-ecology.trycloudflare.com' has been blocked by CORS policy: No 'Access-Control-Allow-Origin' header is present on the requested resource. @ https://into-introductory-screensavers-ecology.trycloudflare.com/initiate:0
[ 4755923ms] [ERROR] Failed to load resource: net::ERR_FAILED @ https://clients3.google.com/generate_204:0
[ 4770930ms] [ERROR] Access to fetch at 'https://clients3.google.com/generate_204' from origin 'https://into-introductory-screensavers-ecology.trycloudflare.com' has been blocked by CORS policy: No 'Access-Control-Allow-Origin' header is present on the requested resource. @ https://into-introductory-screensavers-ecology.trycloudflare.com/initiate:0
[ 4770930ms] [ERROR] Failed to load resource: net::ERR_FAILED @ https://clients3.google.com/generate_204:0
[ 4785930ms] [ERROR] Access to fetch at 'https://clients3.google.com/generate_204' from origin 'https://into-introductory-screensavers-ecology.trycloudflare.com' has been blocked by CORS policy: No 'Access-Control-Allow-Origin' header is present on the requested resource. @ https://into-introductory-screensavers-ecology.trycloudflare.com/initiate:0
[ 4785930ms] [ERROR] Failed to load resource: net::ERR_FAILED @ https://clients3.google.com/generate_204:0
[ 4800924ms] [ERROR] Access to fetch at 'https://clients3.google.com/generate_204' from origin 'https://into-introductory-screensavers-ecology.trycloudflare.com' has been blocked by CORS policy: No 'Access-Control-Allow-Origin' header is present on the requested resource. @ https://into-introductory-screensavers-ecology.trycloudflare.com/initiate:0
[ 4800924ms] [ERROR] Failed to load resource: net::ERR_FAILED @ https://clients3.google.com/generate_204:0
[ 4815928ms] [ERROR] Access to fetch at 'https://clients3.google.com/generate_204' from origin 'https://into-introductory-screensavers-ecology.trycloudflare.com' has been blocked by CORS policy: No 'Access-Control-Allow-Origin' header is present on the requested resource. @ https://into-introductory-screensavers-ecology.trycloudflare.com/initiate:0
[ 4815928ms] [ERROR] Failed to load resource: net::ERR_FAILED @ https://clients3.google.com/generate_204:0
[ 4830930ms] [ERROR] Access to fetch at 'https://clients3.google.com/generate_204' from origin 'https://into-introductory-screensavers-ecology.trycloudflare.com' has been blocked by CORS policy: No 'Access-Control-Allow-Origin' header is present on the requested resource. @ https://into-introductory-screensavers-ecology.trycloudflare.com/initiate:0
[ 4830930ms] [ERROR] Failed to load resource: net::ERR_FAILED @ https://clients3.google.com/generate_204:0
[ 4845922ms] [ERROR] Access to fetch at 'https://clients3.google.com/generate_204' from origin 'https://into-introductory-screensavers-ecology.trycloudflare.com' has been blocked by CORS policy: No 'Access-Control-Allow-Origin' header is present on the requested resource. @ https://into-introductory-screensavers-ecology.trycloudflare.com/initiate:0
[ 4845922ms] [ERROR] Failed to load resource: net::ERR_FAILED @ https://clients3.google.com/generate_204:0
[ 4860930ms] [ERROR] Access to fetch at 'https://clients3.google.com/generate_204' from origin 'https://into-introductory-screensavers-ecology.trycloudflare.com' has been blocked by CORS policy: No 'Access-Control-Allow-Origin' header is present on the requested resource. @ https://into-introductory-screensavers-ecology.trycloudflare.com/initiate:0
[ 4860930ms] [ERROR] Failed to load resource: net::ERR_FAILED @ https://clients3.google.com/generate_204:0
[ 4875927ms] [ERROR] Access to fetch at 'https://clients3.google.com/generate_204' from origin 'https://into-introductory-screensavers-ecology.trycloudflare.com' has been blocked by CORS policy: No 'Access-Control-Allow-Origin' header is present on the requested resource. @ https://into-introductory-screensavers-ecology.trycloudflare.com/initiate:0
[ 4875928ms] [ERROR] Failed to load resource: net::ERR_FAILED @ https://clients3.google.com/generate_204:0
[ 4890923ms] [ERROR] Access to fetch at 'https://clients3.google.com/generate_204' from origin 'https://into-introductory-screensavers-ecology.trycloudflare.com' has been blocked by CORS policy: No 'Access-Control-Allow-Origin' header is present on the requested resource. @ https://into-introductory-screensavers-ecology.trycloudflare.com/initiate:0
[ 4890923ms] [ERROR] Failed to load resource: net::ERR_FAILED @ https://clients3.google.com/generate_204:0
[ 4905928ms] [ERROR] Access to fetch at 'https://clients3.google.com/generate_204' from origin 'https://into-introductory-screensavers-ecology.trycloudflare.com' has been blocked by CORS policy: No 'Access-Control-Allow-Origin' header is present on the requested resource. @ https://into-introductory-screensavers-ecology.trycloudflare.com/initiate:0
[ 4905928ms] [ERROR] Failed to load resource: net::ERR_FAILED @ https://clients3.google.com/generate_204:0
[ 4920927ms] [ERROR] Access to fetch at 'https://clients3.google.com/generate_204' from origin 'https://into-introductory-screensavers-ecology.trycloudflare.com' has been blocked by CORS policy: No 'Access-Control-Allow-Origin' header is present on the requested resource. @ https://into-introductory-screensavers-ecology.trycloudflare.com/initiate:0
[ 4920927ms] [ERROR] Failed to load resource: net::ERR_FAILED @ https://clients3.google.com/generate_204:0
[ 4936017ms] [ERROR] Access to fetch at 'https://clients3.google.com/generate_204' from origin 'https://into-introductory-screensavers-ecology.trycloudflare.com' has been blocked by CORS policy: No 'Access-Control-Allow-Origin' header is present on the requested resource. @ https://into-introductory-screensavers-ecology.trycloudflare.com/initiate:0
[ 4936017ms] [ERROR] Failed to load resource: net::ERR_FAILED @ https://clients3.google.com/generate_204:0
[ 4950922ms] [ERROR] Access to fetch at 'https://clients3.google.com/generate_204' from origin 'https://into-introductory-screensavers-ecology.trycloudflare.com' has been blocked by CORS policy: No 'Access-Control-Allow-Origin' header is present on the requested resource. @ https://into-introductory-screensavers-ecology.trycloudflare.com/initiate:0
[ 4950922ms] [ERROR] Failed to load resource: net::ERR_FAILED @ https://clients3.google.com/generate_204:0
[ 4965924ms] [ERROR] Access to fetch at 'https://clients3.google.com/generate_204' from origin 'https://into-introductory-screensavers-ecology.trycloudflare.com' has been blocked by CORS policy: No 'Access-Control-Allow-Origin' header is present on the requested resource. @ https://into-introductory-screensavers-ecology.trycloudflare.com/initiate:0
[ 4965925ms] [ERROR] Failed to load resource: net::ERR_FAILED @ https://clients3.google.com/generate_204:0
[ 4980929ms] [ERROR] Access to fetch at 'https://clients3.google.com/generate_204' from origin 'https://into-introductory-screensavers-ecology.trycloudflare.com' has been blocked by CORS policy: No 'Access-Control-Allow-Origin' header is present on the requested resource. @ https://into-introductory-screensavers-ecology.trycloudflare.com/initiate:0
[ 4980929ms] [ERROR] Failed to load resource: net::ERR_FAILED @ https://clients3.google.com/generate_204:0
[ 4995924ms] [ERROR] Access to fetch at 'https://clients3.google.com/generate_204' from origin 'https://into-introductory-screensavers-ecology.trycloudflare.com' has been blocked by CORS policy: No 'Access-Control-Allow-Origin' header is present on the requested resource. @ https://into-introductory-screensavers-ecology.trycloudflare.com/initiate:0
[ 4995924ms] [ERROR] Failed to load resource: net::ERR_FAILED @ https://clients3.google.com/generate_204:0
[ 5010925ms] [ERROR] Access to fetch at 'https://clients3.google.com/generate_204' from origin 'https://into-introductory-screensavers-ecology.trycloudflare.com' has been blocked by CORS policy: No 'Access-Control-Allow-Origin' header is present on the requested resource. @ https://into-introductory-screensavers-ecology.trycloudflare.com/initiate:0
[ 5010926ms] [ERROR] Failed to load resource: net::ERR_FAILED @ https://clients3.google.com/generate_204:0
[ 5025932ms] [ERROR] Access to fetch at 'https://clients3.google.com/generate_204' from origin 'https://into-introductory-screensavers-ecology.trycloudflare.com' has been blocked by CORS policy: No 'Access-Control-Allow-Origin' header is present on the requested resource. @ https://into-introductory-screensavers-ecology.trycloudflare.com/initiate:0
[ 5025933ms] [ERROR] Failed to load resource: net::ERR_FAILED @ https://clients3.google.com/generate_204:0
[ 5040936ms] [ERROR] Access to fetch at 'https://clients3.google.com/generate_204' from origin 'https://into-introductory-screensavers-ecology.trycloudflare.com' has been blocked by CORS policy: No 'Access-Control-Allow-Origin' header is present on the requested resource. @ https://into-introductory-screensavers-ecology.trycloudflare.com/initiate:0
[ 5040936ms] [ERROR] Failed to load resource: net::ERR_FAILED @ https://clients3.google.com/generate_204:0
[ 5055950ms] [ERROR] Access to fetch at 'https://clients3.google.com/generate_204' from origin 'https://into-introductory-screensavers-ecology.trycloudflare.com' has been blocked by CORS policy: No 'Access-Control-Allow-Origin' header is present on the requested resource. @ https://into-introductory-screensavers-ecology.trycloudflare.com/initiate:0
[ 5055951ms] [ERROR] Failed to load resource: net::ERR_FAILED @ https://clients3.google.com/generate_204:0
[ 5070956ms] [ERROR] Access to fetch at 'https://clients3.google.com/generate_204' from origin 'https://into-introductory-screensavers-ecology.trycloudflare.com' has been blocked by CORS policy: No 'Access-Control-Allow-Origin' header is present on the requested resource. @ https://into-introductory-screensavers-ecology.trycloudflare.com/initiate:0
[ 5070957ms] [ERROR] Failed to load resource: net::ERR_FAILED @ https://clients3.google.com/generate_204:0
[ 5085955ms] [ERROR] Access to fetch at 'https://clients3.google.com/generate_204' from origin 'https://into-introductory-screensavers-ecology.trycloudflare.com' has been blocked by CORS policy: No 'Access-Control-Allow-Origin' header is present on the requested resource. @ https://into-introductory-screensavers-ecology.trycloudflare.com/initiate:0
[ 5085955ms] [ERROR] Failed to load resource: net::ERR_FAILED @ https://clients3.google.com/generate_204:0
[ 5100959ms] [ERROR] Access to fetch at 'https://clients3.google.com/generate_204' from origin 'https://into-introductory-screensavers-ecology.trycloudflare.com' has been blocked by CORS policy: No 'Access-Control-Allow-Origin' header is present on the requested resource. @ https://into-introductory-screensavers-ecology.trycloudflare.com/initiate:0
[ 5100959ms] [ERROR] Failed to load resource: net::ERR_FAILED @ https://clients3.google.com/generate_204:0
[ 5115961ms] [ERROR] Access to fetch at 'https://clients3.google.com/generate_204' from origin 'https://into-introductory-screensavers-ecology.trycloudflare.com' has been blocked by CORS policy: No 'Access-Control-Allow-Origin' header is present on the requested resource. @ https://into-introductory-screensavers-ecology.trycloudflare.com/initiate:0
[ 5115961ms] [ERROR] Failed to load resource: net::ERR_FAILED @ https://clients3.google.com/generate_204:0
[ 5130958ms] [ERROR] Access to fetch at 'https://clients3.google.com/generate_204' from origin 'https://into-introductory-screensavers-ecology.trycloudflare.com' has been blocked by CORS policy: No 'Access-Control-Allow-Origin' header is present on the requested resource. @ https://into-introductory-screensavers-ecology.trycloudflare.com/initiate:0
[ 5130959ms] [ERROR] Failed to load resource: net::ERR_FAILED @ https://clients3.google.com/generate_204:0
[ 5145961ms] [ERROR] Access to fetch at 'https://clients3.google.com/generate_204' from origin 'https://into-introductory-screensavers-ecology.trycloudflare.com' has been blocked by CORS policy: No 'Access-Control-Allow-Origin' header is present on the requested resource. @ https://into-introductory-screensavers-ecology.trycloudflare.com/initiate:0
[ 5145961ms] [ERROR] Failed to load resource: net::ERR_FAILED @ https://clients3.google.com/generate_204:0
[ 5160954ms] [ERROR] Access to fetch at 'https://clients3.google.com/generate_204' from origin 'https://into-introductory-screensavers-ecology.trycloudflare.com' has been blocked by CORS policy: No 'Access-Control-Allow-Origin' header is present on the requested resource. @ https://into-introductory-screensavers-ecology.trycloudflare.com/initiate:0
[ 5160955ms] [ERROR] Failed to load resource: net::ERR_FAILED @ https://clients3.google.com/generate_204:0
[ 5175954ms] [ERROR] Access to fetch at 'https://clients3.google.com/generate_204' from origin 'https://into-introductory-screensavers-ecology.trycloudflare.com' has been blocked by CORS policy: No 'Access-Control-Allow-Origin' header is present on the requested resource. @ https://into-introductory-screensavers-ecology.trycloudflare.com/initiate:0
[ 5175954ms] [ERROR] Failed to load resource: net::ERR_FAILED @ https://clients3.google.com/generate_204:0
[ 5190953ms] [ERROR] Access to fetch at 'https://clients3.google.com/generate_204' from origin 'https://into-introductory-screensavers-ecology.trycloudflare.com' has been blocked by CORS policy: No 'Access-Control-Allow-Origin' header is present on the requested resource. @ https://into-introductory-screensavers-ecology.trycloudflare.com/initiate:0
[ 5190953ms] [ERROR] Failed to load resource: net::ERR_FAILED @ https://clients3.google.com/generate_204:0
[ 5205964ms] [ERROR] Access to fetch at 'https://clients3.google.com/generate_204' from origin 'https://into-introductory-screensavers-ecology.trycloudflare.com' has been blocked by CORS policy: No 'Access-Control-Allow-Origin' header is present on the requested resource. @ https://into-introductory-screensavers-ecology.trycloudflare.com/initiate:0
[ 5205964ms] [ERROR] Failed to load resource: net::ERR_FAILED @ https://clients3.google.com/generate_204:0
[ 5220956ms] [ERROR] Access to fetch at 'https://clients3.google.com/generate_204' from origin 'https://into-introductory-screensavers-ecology.trycloudflare.com' has been blocked by CORS policy: No 'Access-Control-Allow-Origin' header is present on the requested resource. @ https://into-introductory-screensavers-ecology.trycloudflare.com/initiate:0
[ 5220956ms] [ERROR] Failed to load resource: net::ERR_FAILED @ https://clients3.google.com/generate_204:0
[ 5235955ms] [ERROR] Access to fetch at 'https://clients3.google.com/generate_204' from origin 'https://into-introductory-screensavers-ecology.trycloudflare.com' has been blocked by CORS policy: No 'Access-Control-Allow-Origin' header is present on the requested resource. @ https://into-introductory-screensavers-ecology.trycloudflare.com/initiate:0
[ 5235955ms] [ERROR] Failed to load resource: net::ERR_FAILED @ https://clients3.google.com/generate_204:0
[ 5250955ms] [ERROR] Access to fetch at 'https://clients3.google.com/generate_204' from origin 'https://into-introductory-screensavers-ecology.trycloudflare.com' has been blocked by CORS policy: No 'Access-Control-Allow-Origin' header is present on the requested resource. @ https://into-introductory-screensavers-ecology.trycloudflare.com/initiate:0
[ 5250955ms] [ERROR] Failed to load resource: net::ERR_FAILED @ https://clients3.google.com/generate_204:0
[ 5265957ms] [ERROR] Access to fetch at 'https://clients3.google.com/generate_204' from origin 'https://into-introductory-screensavers-ecology.trycloudflare.com' has been blocked by CORS policy: No 'Access-Control-Allow-Origin' header is present on the requested resource. @ https://into-introductory-screensavers-ecology.trycloudflare.com/initiate:0
[ 5265957ms] [ERROR] Failed to load resource: net::ERR_FAILED @ https://clients3.google.com/generate_204:0
[ 5280959ms] [ERROR] Access to fetch at 'https://clients3.google.com/generate_204' from origin 'https://into-introductory-screensavers-ecology.trycloudflare.com' has been blocked by CORS policy: No 'Access-Control-Allow-Origin' header is present on the requested resource. @ https://into-introductory-screensavers-ecology.trycloudflare.com/initiate:0
[ 5280959ms] [ERROR] Failed to load resource: net::ERR_FAILED @ https://clients3.google.com/generate_204:0
[ 5295954ms] [ERROR] Access to fetch at 'https://clients3.google.com/generate_204' from origin 'https://into-introductory-screensavers-ecology.trycloudflare.com' has been blocked by CORS policy: No 'Access-Control-Allow-Origin' header is present on the requested resource. @ https://into-introductory-screensavers-ecology.trycloudflare.com/initiate:0
[ 5295954ms] [ERROR] Failed to load resource: net::ERR_FAILED @ https://clients3.google.com/generate_204:0
[ 5310956ms] [ERROR] Access to fetch at 'https://clients3.google.com/generate_204' from origin 'https://into-introductory-screensavers-ecology.trycloudflare.com' has been blocked by CORS policy: No 'Access-Control-Allow-Origin' header is present on the requested resource. @ https://into-introductory-screensavers-ecology.trycloudflare.com/initiate:0
[ 5310956ms] [ERROR] Failed to load resource: net::ERR_FAILED @ https://clients3.google.com/generate_204:0
[ 5325956ms] [ERROR] Access to fetch at 'https://clients3.google.com/generate_204' from origin 'https://into-introductory-screensavers-ecology.trycloudflare.com' has been blocked by CORS policy: No 'Access-Control-Allow-Origin' header is present on the requested resource. @ https://into-introductory-screensavers-ecology.trycloudflare.com/initiate:0
[ 5325956ms] [ERROR] Failed to load resource: net::ERR_FAILED @ https://clients3.google.com/generate_204:0
[ 5340960ms] [ERROR] Access to fetch at 'https://clients3.google.com/generate_204' from origin 'https://into-introductory-screensavers-ecology.trycloudflare.com' has been blocked by CORS policy: No 'Access-Control-Allow-Origin' header is present on the requested resource. @ https://into-introductory-screensavers-ecology.trycloudflare.com/initiate:0
[ 5340960ms] [ERROR] Failed to load resource: net::ERR_FAILED @ https://clients3.google.com/generate_204:0
[ 5355957ms] [ERROR] Access to fetch at 'https://clients3.google.com/generate_204' from origin 'https://into-introductory-screensavers-ecology.trycloudflare.com' has been blocked by CORS policy: No 'Access-Control-Allow-Origin' header is present on the requested resource. @ https://into-introductory-screensavers-ecology.trycloudflare.com/initiate:0
[ 5355957ms] [ERROR] Failed to load resource: net::ERR_FAILED @ https://clients3.google.com/generate_204:0
[ 5370961ms] [ERROR] Access to fetch at 'https://clients3.google.com/generate_204' from origin 'https://into-introductory-screensavers-ecology.trycloudflare.com' has been blocked by CORS policy: No 'Access-Control-Allow-Origin' header is present on the requested resource. @ https://into-introductory-screensavers-ecology.trycloudflare.com/initiate:0
[ 5370961ms] [ERROR] Failed to load resource: net::ERR_FAILED @ https://clients3.google.com/generate_204:0
[ 5385957ms] [ERROR] Access to fetch at 'https://clients3.google.com/generate_204' from origin 'https://into-introductory-screensavers-ecology.trycloudflare.com' has been blocked by CORS policy: No 'Access-Control-Allow-Origin' header is present on the requested resource. @ https://into-introductory-screensavers-ecology.trycloudflare.com/initiate:0
[ 5385957ms] [ERROR] Failed to load resource: net::ERR_FAILED @ https://clients3.google.com/generate_204:0
[ 5400955ms] [ERROR] Access to fetch at 'https://clients3.google.com/generate_204' from origin 'https://into-introductory-screensavers-ecology.trycloudflare.com' has been blocked by CORS policy: No 'Access-Control-Allow-Origin' header is present on the requested resource. @ https://into-introductory-screensavers-ecology.trycloudflare.com/initiate:0
[ 5400955ms] [ERROR] Failed to load resource: net::ERR_FAILED @ https://clients3.google.com/generate_204:0
[ 5415955ms] [ERROR] Access to fetch at 'https://clients3.google.com/generate_204' from origin 'https://into-introductory-screensavers-ecology.trycloudflare.com' has been blocked by CORS policy: No 'Access-Control-Allow-Origin' header is present on the requested resource. @ https://into-introductory-screensavers-ecology.trycloudflare.com/initiate:0
[ 5415955ms] [ERROR] Failed to load resource: net::ERR_FAILED @ https://clients3.google.com/generate_204:0
[ 5430958ms] [ERROR] Access to fetch at 'https://clients3.google.com/generate_204' from origin 'https://into-introductory-screensavers-ecology.trycloudflare.com' has been blocked by CORS policy: No 'Access-Control-Allow-Origin' header is present on the requested resource. @ https://into-introductory-screensavers-ecology.trycloudflare.com/initiate:0
[ 5430959ms] [ERROR] Failed to load resource: net::ERR_FAILED @ https://clients3.google.com/generate_204:0
[ 5445956ms] [ERROR] Access to fetch at 'https://clients3.google.com/generate_204' from origin 'https://into-introductory-screensavers-ecology.trycloudflare.com' has been blocked by CORS policy: No 'Access-Control-Allow-Origin' header is present on the requested resource. @ https://into-introductory-screensavers-ecology.trycloudflare.com/initiate:0
[ 5445956ms] [ERROR] Failed to load resource: net::ERR_FAILED @ https://clients3.google.com/generate_204:0
[ 5460961ms] [ERROR] Access to fetch at 'https://clients3.google.com/generate_204' from origin 'https://into-introductory-screensavers-ecology.trycloudflare.com' has been blocked by CORS policy: No 'Access-Control-Allow-Origin' header is present on the requested resource. @ https://into-introductory-screensavers-ecology.trycloudflare.com/initiate:0
[ 5460962ms] [ERROR] Failed to load resource: net::ERR_FAILED @ https://clients3.google.com/generate_204:0
[ 5475960ms] [ERROR] Access to fetch at 'https://clients3.google.com/generate_204' from origin 'https://into-introductory-screensavers-ecology.trycloudflare.com' has been blocked by CORS policy: No 'Access-Control-Allow-Origin' header is present on the requested resource. @ https://into-introductory-screensavers-ecology.trycloudflare.com/initiate:0
[ 5475960ms] [ERROR] Failed to load resource: net::ERR_FAILED @ https://clients3.google.com/generate_204:0
[ 5490955ms] [ERROR] Access to fetch at 'https://clients3.google.com/generate_204' from origin 'https://into-introductory-screensavers-ecology.trycloudflare.com' has been blocked by CORS policy: No 'Access-Control-Allow-Origin' header is present on the requested resource. @ https://into-introductory-screensavers-ecology.trycloudflare.com/initiate:0
[ 5490955ms] [ERROR] Failed to load resource: net::ERR_FAILED @ https://clients3.google.com/generate_204:0
[ 5505961ms] [ERROR] Access to fetch at 'https://clients3.google.com/generate_204' from origin 'https://into-introductory-screensavers-ecology.trycloudflare.com' has been blocked by CORS policy: No 'Access-Control-Allow-Origin' header is present on the requested resource. @ https://into-introductory-screensavers-ecology.trycloudflare.com/initiate:0
[ 5505961ms] [ERROR] Failed to load resource: net::ERR_FAILED @ https://clients3.google.com/generate_204:0
[ 5520957ms] [ERROR] Access to fetch at 'https://clients3.google.com/generate_204' from origin 'https://into-introductory-screensavers-ecology.trycloudflare.com' has been blocked by CORS policy: No 'Access-Control-Allow-Origin' header is present on the requested resource. @ https://into-introductory-screensavers-ecology.trycloudflare.com/initiate:0
[ 5520958ms] [ERROR] Failed to load resource: net::ERR_FAILED @ https://clients3.google.com/generate_204:0
[ 5535958ms] [ERROR] Access to fetch at 'https://clients3.google.com/generate_204' from origin 'https://into-introductory-screensavers-ecology.trycloudflare.com' has been blocked by CORS policy: No 'Access-Control-Allow-Origin' header is present on the requested resource. @ https://into-introductory-screensavers-ecology.trycloudflare.com/initiate:0
[ 5535958ms] [ERROR] Failed to load resource: net::ERR_FAILED @ https://clients3.google.com/generate_204:0
[ 5550963ms] [ERROR] Access to fetch at 'https://clients3.google.com/generate_204' from origin 'https://into-introductory-screensavers-ecology.trycloudflare.com' has been blocked by CORS policy: No 'Access-Control-Allow-Origin' header is present on the requested resource. @ https://into-introductory-screensavers-ecology.trycloudflare.com/initiate:0
[ 5550963ms] [ERROR] Failed to load resource: net::ERR_FAILED @ https://clients3.google.com/generate_204:0
[ 5565962ms] [ERROR] Access to fetch at 'https://clients3.google.com/generate_204' from origin 'https://into-introductory-screensavers-ecology.trycloudflare.com' has been blocked by CORS policy: No 'Access-Control-Allow-Origin' header is present on the requested resource. @ https://into-introductory-screensavers-ecology.trycloudflare.com/initiate:0
[ 5565962ms] [ERROR] Failed to load resource: net::ERR_FAILED @ https://clients3.google.com/generate_204:0
[ 5580955ms] [ERROR] Access to fetch at 'https://clients3.google.com/generate_204' from origin 'https://into-introductory-screensavers-ecology.trycloudflare.com' has been blocked by CORS policy: No 'Access-Control-Allow-Origin' header is present on the requested resource. @ https://into-introductory-screensavers-ecology.trycloudflare.com/initiate:0
[ 5580955ms] [ERROR] Failed to load resource: net::ERR_FAILED @ https://clients3.google.com/generate_204:0
[ 5595953ms] [ERROR] Access to fetch at 'https://clients3.google.com/generate_204' from origin 'https://into-introductory-screensavers-ecology.trycloudflare.com' has been blocked by CORS policy: No 'Access-Control-Allow-Origin' header is present on the requested resource. @ https://into-introductory-screensavers-ecology.trycloudflare.com/initiate:0
[ 5595954ms] [ERROR] Failed to load resource: net::ERR_FAILED @ https://clients3.google.com/generate_204:0
[ 5610960ms] [ERROR] Access to fetch at 'https://clients3.google.com/generate_204' from origin 'https://into-introductory-screensavers-ecology.trycloudflare.com' has been blocked by CORS policy: No 'Access-Control-Allow-Origin' header is present on the requested resource. @ https://into-introductory-screensavers-ecology.trycloudflare.com/initiate:0
[ 5610960ms] [ERROR] Failed to load resource: net::ERR_FAILED @ https://clients3.google.com/generate_204:0
[ 5625958ms] [ERROR] Access to fetch at 'https://clients3.google.com/generate_204' from origin 'https://into-introductory-screensavers-ecology.trycloudflare.com' has been blocked by CORS policy: No 'Access-Control-Allow-Origin' header is present on the requested resource. @ https://into-introductory-screensavers-ecology.trycloudflare.com/initiate:0
[ 5625958ms] [ERROR] Failed to load resource: net::ERR_FAILED @ https://clients3.google.com/generate_204:0
[ 5640958ms] [ERROR] Access to fetch at 'https://clients3.google.com/generate_204' from origin 'https://into-introductory-screensavers-ecology.trycloudflare.com' has been blocked by CORS policy: No 'Access-Control-Allow-Origin' header is present on the requested resource. @ https://into-introductory-screensavers-ecology.trycloudflare.com/initiate:0
[ 5640958ms] [ERROR] Failed to load resource: net::ERR_FAILED @ https://clients3.google.com/generate_204:0
[ 5655961ms] [ERROR] Access to fetch at 'https://clients3.google.com/generate_204' from origin 'https://into-introductory-screensavers-ecology.trycloudflare.com' has been blocked by CORS policy: No 'Access-Control-Allow-Origin' header is present on the requested resource. @ https://into-introductory-screensavers-ecology.trycloudflare.com/initiate:0
[ 5655961ms] [ERROR] Failed to load resource: net::ERR_FAILED @ https://clients3.google.com/generate_204:0
[ 5670959ms] [ERROR] Access to fetch at 'https://clients3.google.com/generate_204' from origin 'https://into-introductory-screensavers-ecology.trycloudflare.com' has been blocked by CORS policy: No 'Access-Control-Allow-Origin' header is present on the requested resource. @ https://into-introductory-screensavers-ecology.trycloudflare.com/initiate:0
[ 5670960ms] [ERROR] Failed to load resource: net::ERR_FAILED @ https://clients3.google.com/generate_204:0
[ 5685962ms] [ERROR] Access to fetch at 'https://clients3.google.com/generate_204' from origin 'https://into-introductory-screensavers-ecology.trycloudflare.com' has been blocked by CORS policy: No 'Access-Control-Allow-Origin' header is present on the requested resource. @ https://into-introductory-screensavers-ecology.trycloudflare.com/initiate:0
[ 5685962ms] [ERROR] Failed to load resource: net::ERR_FAILED @ https://clients3.google.com/generate_204:0
[ 5700963ms] [ERROR] Access to fetch at 'https://clients3.google.com/generate_204' from origin 'https://into-introductory-screensavers-ecology.trycloudflare.com' has been blocked by CORS policy: No 'Access-Control-Allow-Origin' header is present on the requested resource. @ https://into-introductory-screensavers-ecology.trycloudflare.com/initiate:0
[ 5700963ms] [ERROR] Failed to load resource: net::ERR_FAILED @ https://clients3.google.com/generate_204:0
[ 5715957ms] [ERROR] Access to fetch at 'https://clients3.google.com/generate_204' from origin 'https://into-introductory-screensavers-ecology.trycloudflare.com' has been blocked by CORS policy: No 'Access-Control-Allow-Origin' header is present on the requested resource. @ https://into-introductory-screensavers-ecology.trycloudflare.com/initiate:0
[ 5715957ms] [ERROR] Failed to load resource: net::ERR_FAILED @ https://clients3.google.com/generate_204:0
[ 5730961ms] [ERROR] Access to fetch at 'https://clients3.google.com/generate_204' from origin 'https://into-introductory-screensavers-ecology.trycloudflare.com' has been blocked by CORS policy: No 'Access-Control-Allow-Origin' header is present on the requested resource. @ https://into-introductory-screensavers-ecology.trycloudflare.com/initiate:0
[ 5730962ms] [ERROR] Failed to load resource: net::ERR_FAILED @ https://clients3.google.com/generate_204:0
[ 5745955ms] [ERROR] Access to fetch at 'https://clients3.google.com/generate_204' from origin 'https://into-introductory-screensavers-ecology.trycloudflare.com' has been blocked by CORS policy: No 'Access-Control-Allow-Origin' header is present on the requested resource. @ https://into-introductory-screensavers-ecology.trycloudflare.com/initiate:0
[ 5745955ms] [ERROR] Failed to load resource: net::ERR_FAILED @ https://clients3.google.com/generate_204:0
[ 5760959ms] [ERROR] Access to fetch at 'https://clients3.google.com/generate_204' from origin 'https://into-introductory-screensavers-ecology.trycloudflare.com' has been blocked by CORS policy: No 'Access-Control-Allow-Origin' header is present on the requested resource. @ https://into-introductory-screensavers-ecology.trycloudflare.com/initiate:0
[ 5760959ms] [ERROR] Failed to load resource: net::ERR_FAILED @ https://clients3.google.com/generate_204:0
[ 5775958ms] [ERROR] Access to fetch at 'https://clients3.google.com/generate_204' from origin 'https://into-introductory-screensavers-ecology.trycloudflare.com' has been blocked by CORS policy: No 'Access-Control-Allow-Origin' header is present on the requested resource. @ https://into-introductory-screensavers-ecology.trycloudflare.com/initiate:0
[ 5775958ms] [ERROR] Failed to load resource: net::ERR_FAILED @ https://clients3.google.com/generate_204:0
[ 5790954ms] [ERROR] Access to fetch at 'https://clients3.google.com/generate_204' from origin 'https://into-introductory-screensavers-ecology.trycloudflare.com' has been blocked by CORS policy: No 'Access-Control-Allow-Origin' header is present on the requested resource. @ https://into-introductory-screensavers-ecology.trycloudflare.com/initiate:0
[ 5790954ms] [ERROR] Failed to load resource: net::ERR_FAILED @ https://clients3.google.com/generate_204:0
[ 5805956ms] [ERROR] Access to fetch at 'https://clients3.google.com/generate_204' from origin 'https://into-introductory-screensavers-ecology.trycloudflare.com' has been blocked by CORS policy: No 'Access-Control-Allow-Origin' header is present on the requested resource. @ https://into-introductory-screensavers-ecology.trycloudflare.com/initiate:0
[ 5805956ms] [ERROR] Failed to load resource: net::ERR_FAILED @ https://clients3.google.com/generate_204:0
[ 5820956ms] [ERROR] Access to fetch at 'https://clients3.google.com/generate_204' from origin 'https://into-introductory-screensavers-ecology.trycloudflare.com' has been blocked by CORS policy: No 'Access-Control-Allow-Origin' header is present on the requested resource. @ https://into-introductory-screensavers-ecology.trycloudflare.com/initiate:0
[ 5820956ms] [ERROR] Failed to load resource: net::ERR_FAILED @ https://clients3.google.com/generate_204:0
[ 5835955ms] [ERROR] Access to fetch at 'https://clients3.google.com/generate_204' from origin 'https://into-introductory-screensavers-ecology.trycloudflare.com' has been blocked by CORS policy: No 'Access-Control-Allow-Origin' header is present on the requested resource. @ https://into-introductory-screensavers-ecology.trycloudflare.com/initiate:0
[ 5835955ms] [ERROR] Failed to load resource: net::ERR_FAILED @ https://clients3.google.com/generate_204:0
[ 5850954ms] [ERROR] Access to fetch at 'https://clients3.google.com/generate_204' from origin 'https://into-introductory-screensavers-ecology.trycloudflare.com' has been blocked by CORS policy: No 'Access-Control-Allow-Origin' header is present on the requested resource. @ https://into-introductory-screensavers-ecology.trycloudflare.com/initiate:0
[ 5850954ms] [ERROR] Failed to load resource: net::ERR_FAILED @ https://clients3.google.com/generate_204:0
[ 5865961ms] [ERROR] Access to fetch at 'https://clients3.google.com/generate_204' from origin 'https://into-introductory-screensavers-ecology.trycloudflare.com' has been blocked by CORS policy: No 'Access-Control-Allow-Origin' header is present on the requested resource. @ https://into-introductory-screensavers-ecology.trycloudflare.com/initiate:0
[ 5865961ms] [ERROR] Failed to load resource: net::ERR_FAILED @ https://clients3.google.com/generate_204:0
[ 5880957ms] [ERROR] Access to fetch at 'https://clients3.google.com/generate_204' from origin 'https://into-introductory-screensavers-ecology.trycloudflare.com' has been blocked by CORS policy: No 'Access-Control-Allow-Origin' header is present on the requested resource. @ https://into-introductory-screensavers-ecology.trycloudflare.com/initiate:0
[ 5880958ms] [ERROR] Failed to load resource: net::ERR_FAILED @ https://clients3.google.com/generate_204:0
[ 5895957ms] [ERROR] Access to fetch at 'https://clients3.google.com/generate_204' from origin 'https://into-introductory-screensavers-ecology.trycloudflare.com' has been blocked by CORS policy: No 'Access-Control-Allow-Origin' header is present on the requested resource. @ https://into-introductory-screensavers-ecology.trycloudflare.com/initiate:0
[ 5895957ms] [ERROR] Failed to load resource: net::ERR_FAILED @ https://clients3.google.com/generate_204:0
[ 5910955ms] [ERROR] Access to fetch at 'https://clients3.google.com/generate_204' from origin 'https://into-introductory-screensavers-ecology.trycloudflare.com' has been blocked by CORS policy: No 'Access-Control-Allow-Origin' header is present on the requested resource. @ https://into-introductory-screensavers-ecology.trycloudflare.com/initiate:0
[ 5910955ms] [ERROR] Failed to load resource: net::ERR_FAILED @ https://clients3.google.com/generate_204:0
[ 5925955ms] [ERROR] Access to fetch at 'https://clients3.google.com/generate_204' from origin 'https://into-introductory-screensavers-ecology.trycloudflare.com' has been blocked by CORS policy: No 'Access-Control-Allow-Origin' header is present on the requested resource. @ https://into-introductory-screensavers-ecology.trycloudflare.com/initiate:0
[ 5925955ms] [ERROR] Failed to load resource: net::ERR_FAILED @ https://clients3.google.com/generate_204:0
[ 5940967ms] [ERROR] Access to fetch at 'https://clients3.google.com/generate_204' from origin 'https://into-introductory-screensavers-ecology.trycloudflare.com' has been blocked by CORS policy: No 'Access-Control-Allow-Origin' header is present on the requested resource. @ https://into-introductory-screensavers-ecology.trycloudflare.com/initiate:0
[ 5940968ms] [ERROR] Failed to load resource: net::ERR_FAILED @ https://clients3.google.com/generate_204:0
[ 5955976ms] [ERROR] Access to fetch at 'https://clients3.google.com/generate_204' from origin 'https://into-introductory-screensavers-ecology.trycloudflare.com' has been blocked by CORS policy: No 'Access-Control-Allow-Origin' header is present on the requested resource. @ https://into-introductory-screensavers-ecology.trycloudflare.com/initiate:0
[ 5955976ms] [ERROR] Failed to load resource: net::ERR_FAILED @ https://clients3.google.com/generate_204:0
[ 5970976ms] [ERROR] Access to fetch at 'https://clients3.google.com/generate_204' from origin 'https://into-introductory-screensavers-ecology.trycloudflare.com' has been blocked by CORS policy: No 'Access-Control-Allow-Origin' header is present on the requested resource. @ https://into-introductory-screensavers-ecology.trycloudflare.com/initiate:0
[ 5970976ms] [ERROR] Failed to load resource: net::ERR_FAILED @ https://clients3.google.com/generate_204:0
[ 5985987ms] [ERROR] Access to fetch at 'https://clients3.google.com/generate_204' from origin 'https://into-introductory-screensavers-ecology.trycloudflare.com' has been blocked by CORS policy: No 'Access-Control-Allow-Origin' header is present on the requested resource. @ https://into-introductory-screensavers-ecology.trycloudflare.com/initiate:0
[ 5985987ms] [ERROR] Failed to load resource: net::ERR_FAILED @ https://clients3.google.com/generate_204:0
[ 6000979ms] [ERROR] Access to fetch at 'https://clients3.google.com/generate_204' from origin 'https://into-introductory-screensavers-ecology.trycloudflare.com' has been blocked by CORS policy: No 'Access-Control-Allow-Origin' header is present on the requested resource. @ https://into-introductory-screensavers-ecology.trycloudflare.com/initiate:0
[ 6000980ms] [ERROR] Failed to load resource: net::ERR_FAILED @ https://clients3.google.com/generate_204:0
[ 6015984ms] [ERROR] Access to fetch at 'https://clients3.google.com/generate_204' from origin 'https://into-introductory-screensavers-ecology.trycloudflare.com' has been blocked by CORS policy: No 'Access-Control-Allow-Origin' header is present on the requested resource. @ https://into-introductory-screensavers-ecology.trycloudflare.com/initiate:0
[ 6015985ms] [ERROR] Failed to load resource: net::ERR_FAILED @ https://clients3.google.com/generate_204:0
[ 6030979ms] [ERROR] Access to fetch at 'https://clients3.google.com/generate_204' from origin 'https://into-introductory-screensavers-ecology.trycloudflare.com' has been blocked by CORS policy: No 'Access-Control-Allow-Origin' header is present on the requested resource. @ https://into-introductory-screensavers-ecology.trycloudflare.com/initiate:0
[ 6030979ms] [ERROR] Failed to load resource: net::ERR_FAILED @ https://clients3.google.com/generate_204:0
[ 6045983ms] [ERROR] Access to fetch at 'https://clients3.google.com/generate_204' from origin 'https://into-introductory-screensavers-ecology.trycloudflare.com' has been blocked by CORS policy: No 'Access-Control-Allow-Origin' header is present on the requested resource. @ https://into-introductory-screensavers-ecology.trycloudflare.com/initiate:0
[ 6045983ms] [ERROR] Failed to load resource: net::ERR_FAILED @ https://clients3.google.com/generate_204:0
[ 6060984ms] [ERROR] Access to fetch at 'https://clients3.google.com/generate_204' from origin 'https://into-introductory-screensavers-ecology.trycloudflare.com' has been blocked by CORS policy: No 'Access-Control-Allow-Origin' header is present on the requested resource. @ https://into-introductory-screensavers-ecology.trycloudflare.com/initiate:0
[ 6060984ms] [ERROR] Failed to load resource: net::ERR_FAILED @ https://clients3.google.com/generate_204:0
[ 6075980ms] [ERROR] Access to fetch at 'https://clients3.google.com/generate_204' from origin 'https://into-introductory-screensavers-ecology.trycloudflare.com' has been blocked by CORS policy: No 'Access-Control-Allow-Origin' header is present on the requested resource. @ https://into-introductory-screensavers-ecology.trycloudflare.com/initiate:0
[ 6075981ms] [ERROR] Failed to load resource: net::ERR_FAILED @ https://clients3.google.com/generate_204:0
[ 6090981ms] [ERROR] Access to fetch at 'https://clients3.google.com/generate_204' from origin 'https://into-introductory-screensavers-ecology.trycloudflare.com' has been blocked by CORS policy: No 'Access-Control-Allow-Origin' header is present on the requested resource. @ https://into-introductory-screensavers-ecology.trycloudflare.com/initiate:0
[ 6090981ms] [ERROR] Failed to load resource: net::ERR_FAILED @ https://clients3.google.com/generate_204:0
[ 6105985ms] [ERROR] Access to fetch at 'https://clients3.google.com/generate_204' from origin 'https://into-introductory-screensavers-ecology.trycloudflare.com' has been blocked by CORS policy: No 'Access-Control-Allow-Origin' header is present on the requested resource. @ https://into-introductory-screensavers-ecology.trycloudflare.com/initiate:0
[ 6105986ms] [ERROR] Failed to load resource: net::ERR_FAILED @ https://clients3.google.com/generate_204:0
[ 6120981ms] [ERROR] Access to fetch at 'https://clients3.google.com/generate_204' from origin 'https://into-introductory-screensavers-ecology.trycloudflare.com' has been blocked by CORS policy: No 'Access-Control-Allow-Origin' header is present on the requested resource. @ https://into-introductory-screensavers-ecology.trycloudflare.com/initiate:0
[ 6120981ms] [ERROR] Failed to load resource: net::ERR_FAILED @ https://clients3.google.com/generate_204:0
[ 6135982ms] [ERROR] Access to fetch at 'https://clients3.google.com/generate_204' from origin 'https://into-introductory-screensavers-ecology.trycloudflare.com' has been blocked by CORS policy: No 'Access-Control-Allow-Origin' header is present on the requested resource. @ https://into-introductory-screensavers-ecology.trycloudflare.com/initiate:0
[ 6135982ms] [ERROR] Failed to load resource: net::ERR_FAILED @ https://clients3.google.com/generate_204:0
[ 6150982ms] [ERROR] Access to fetch at 'https://clients3.google.com/generate_204' from origin 'https://into-introductory-screensavers-ecology.trycloudflare.com' has been blocked by CORS policy: No 'Access-Control-Allow-Origin' header is present on the requested resource. @ https://into-introductory-screensavers-ecology.trycloudflare.com/initiate:0
[ 6150982ms] [ERROR] Failed to load resource: net::ERR_FAILED @ https://clients3.google.com/generate_204:0
[ 6165986ms] [ERROR] Access to fetch at 'https://clients3.google.com/generate_204' from origin 'https://into-introductory-screensavers-ecology.trycloudflare.com' has been blocked by CORS policy: No 'Access-Control-Allow-Origin' header is present on the requested resource. @ https://into-introductory-screensavers-ecology.trycloudflare.com/initiate:0
[ 6165987ms] [ERROR] Failed to load resource: net::ERR_FAILED @ https://clients3.google.com/generate_204:0
[ 6180983ms] [ERROR] Access to fetch at 'https://clients3.google.com/generate_204' from origin 'https://into-introductory-screensavers-ecology.trycloudflare.com' has been blocked by CORS policy: No 'Access-Control-Allow-Origin' header is present on the requested resource. @ https://into-introductory-screensavers-ecology.trycloudflare.com/initiate:0
[ 6180983ms] [ERROR] Failed to load resource: net::ERR_FAILED @ https://clients3.google.com/generate_204:0
[ 6195988ms] [ERROR] Access to fetch at 'https://clients3.google.com/generate_204' from origin 'https://into-introductory-screensavers-ecology.trycloudflare.com' has been blocked by CORS policy: No 'Access-Control-Allow-Origin' header is present on the requested resource. @ https://into-introductory-screensavers-ecology.trycloudflare.com/initiate:0
[ 6195988ms] [ERROR] Failed to load resource: net::ERR_FAILED @ https://clients3.google.com/generate_204:0
[ 6210986ms] [ERROR] Access to fetch at 'https://clients3.google.com/generate_204' from origin 'https://into-introductory-screensavers-ecology.trycloudflare.com' has been blocked by CORS policy: No 'Access-Control-Allow-Origin' header is present on the requested resource. @ https://into-introductory-screensavers-ecology.trycloudflare.com/initiate:0
[ 6210986ms] [ERROR] Failed to load resource: net::ERR_FAILED @ https://clients3.google.com/generate_204:0
[ 6225982ms] [ERROR] Access to fetch at 'https://clients3.google.com/generate_204' from origin 'https://into-introductory-screensavers-ecology.trycloudflare.com' has been blocked by CORS policy: No 'Access-Control-Allow-Origin' header is present on the requested resource. @ https://into-introductory-screensavers-ecology.trycloudflare.com/initiate:0
[ 6225983ms] [ERROR] Failed to load resource: net::ERR_FAILED @ https://clients3.google.com/generate_204:0
[ 6240984ms] [ERROR] Access to fetch at 'https://clients3.google.com/generate_204' from origin 'https://into-introductory-screensavers-ecology.trycloudflare.com' has been blocked by CORS policy: No 'Access-Control-Allow-Origin' header is present on the requested resource. @ https://into-introductory-screensavers-ecology.trycloudflare.com/initiate:0
[ 6240984ms] [ERROR] Failed to load resource: net::ERR_FAILED @ https://clients3.google.com/generate_204:0
[ 6255986ms] [ERROR] Access to fetch at 'https://clients3.google.com/generate_204' from origin 'https://into-introductory-screensavers-ecology.trycloudflare.com' has been blocked by CORS policy: No 'Access-Control-Allow-Origin' header is present on the requested resource. @ https://into-introductory-screensavers-ecology.trycloudflare.com/initiate:0
[ 6255986ms] [ERROR] Failed to load resource: net::ERR_FAILED @ https://clients3.google.com/generate_204:0
[ 6270983ms] [ERROR] Access to fetch at 'https://clients3.google.com/generate_204' from origin 'https://into-introductory-screensavers-ecology.trycloudflare.com' has been blocked by CORS policy: No 'Access-Control-Allow-Origin' header is present on the requested resource. @ https://into-introductory-screensavers-ecology.trycloudflare.com/initiate:0
[ 6270983ms] [ERROR] Failed to load resource: net::ERR_FAILED @ https://clients3.google.com/generate_204:0
[ 6285983ms] [ERROR] Access to fetch at 'https://clients3.google.com/generate_204' from origin 'https://into-introductory-screensavers-ecology.trycloudflare.com' has been blocked by CORS policy: No 'Access-Control-Allow-Origin' header is present on the requested resource. @ https://into-introductory-screensavers-ecology.trycloudflare.com/initiate:0
[ 6285984ms] [ERROR] Failed to load resource: net::ERR_FAILED @ https://clients3.google.com/generate_204:0
[ 6300984ms] [ERROR] Access to fetch at 'https://clients3.google.com/generate_204' from origin 'https://into-introductory-screensavers-ecology.trycloudflare.com' has been blocked by CORS policy: No 'Access-Control-Allow-Origin' header is present on the requested resource. @ https://into-introductory-screensavers-ecology.trycloudflare.com/initiate:0
[ 6300984ms] [ERROR] Failed to load resource: net::ERR_FAILED @ https://clients3.google.com/generate_204:0
[ 6315988ms] [ERROR] Access to fetch at 'https://clients3.google.com/generate_204' from origin 'https://into-introductory-screensavers-ecology.trycloudflare.com' has been blocked by CORS policy: No 'Access-Control-Allow-Origin' header is present on the requested resource. @ https://into-introductory-screensavers-ecology.trycloudflare.com/initiate:0
[ 6315988ms] [ERROR] Failed to load resource: net::ERR_FAILED @ https://clients3.google.com/generate_204:0
[ 6330984ms] [ERROR] Access to fetch at 'https://clients3.google.com/generate_204' from origin 'https://into-introductory-screensavers-ecology.trycloudflare.com' has been blocked by CORS policy: No 'Access-Control-Allow-Origin' header is present on the requested resource. @ https://into-introductory-screensavers-ecology.trycloudflare.com/initiate:0
[ 6330985ms] [ERROR] Failed to load resource: net::ERR_FAILED @ https://clients3.google.com/generate_204:0
[ 6345988ms] [ERROR] Access to fetch at 'https://clients3.google.com/generate_204' from origin 'https://into-introductory-screensavers-ecology.trycloudflare.com' has been blocked by CORS policy: No 'Access-Control-Allow-Origin' header is present on the requested resource. @ https://into-introductory-screensavers-ecology.trycloudflare.com/initiate:0
[ 6345988ms] [ERROR] Failed to load resource: net::ERR_FAILED @ https://clients3.google.com/generate_204:0
[ 6360984ms] [ERROR] Access to fetch at 'https://clients3.google.com/generate_204' from origin 'https://into-introductory-screensavers-ecology.trycloudflare.com' has been blocked by CORS policy: No 'Access-Control-Allow-Origin' header is present on the requested resource. @ https://into-introductory-screensavers-ecology.trycloudflare.com/initiate:0
[ 6360985ms] [ERROR] Failed to load resource: net::ERR_FAILED @ https://clients3.google.com/generate_204:0
[ 6375982ms] [ERROR] Access to fetch at 'https://clients3.google.com/generate_204' from origin 'https://into-introductory-screensavers-ecology.trycloudflare.com' has been blocked by CORS policy: No 'Access-Control-Allow-Origin' header is present on the requested resource. @ https://into-introductory-screensavers-ecology.trycloudflare.com/initiate:0
[ 6375983ms] [ERROR] Failed to load resource: net::ERR_FAILED @ https://clients3.google.com/generate_204:0
[ 6390990ms] [ERROR] Access to fetch at 'https://clients3.google.com/generate_204' from origin 'https://into-introductory-screensavers-ecology.trycloudflare.com' has been blocked by CORS policy: No 'Access-Control-Allow-Origin' header is present on the requested resource. @ https://into-introductory-screensavers-ecology.trycloudflare.com/initiate:0
[ 6390991ms] [ERROR] Failed to load resource: net::ERR_FAILED @ https://clients3.google.com/generate_204:0
[ 6405985ms] [ERROR] Access to fetch at 'https://clients3.google.com/generate_204' from origin 'https://into-introductory-screensavers-ecology.trycloudflare.com' has been blocked by CORS policy: No 'Access-Control-Allow-Origin' header is present on the requested resource. @ https://into-introductory-screensavers-ecology.trycloudflare.com/initiate:0
[ 6405985ms] [ERROR] Failed to load resource: net::ERR_FAILED @ https://clients3.google.com/generate_204:0
[ 6421023ms] [ERROR] Access to fetch at 'https://clients3.google.com/generate_204' from origin 'https://into-introductory-screensavers-ecology.trycloudflare.com' has been blocked by CORS policy: No 'Access-Control-Allow-Origin' header is present on the requested resource. @ https://into-introductory-screensavers-ecology.trycloudflare.com/initiate:0
[ 6421024ms] [ERROR] Failed to load resource: net::ERR_FAILED @ https://clients3.google.com/generate_204:0
[ 6435988ms] [ERROR] Access to fetch at 'https://clients3.google.com/generate_204' from origin 'https://into-introductory-screensavers-ecology.trycloudflare.com' has been blocked by CORS policy: No 'Access-Control-Allow-Origin' header is present on the requested resource. @ https://into-introductory-screensavers-ecology.trycloudflare.com/initiate:0
[ 6435988ms] [ERROR] Failed to load resource: net::ERR_FAILED @ https://clients3.google.com/generate_204:0
[ 6450985ms] [ERROR] Access to fetch at 'https://clients3.google.com/generate_204' from origin 'https://into-introductory-screensavers-ecology.trycloudflare.com' has been blocked by CORS policy: No 'Access-Control-Allow-Origin' header is present on the requested resource. @ https://into-introductory-screensavers-ecology.trycloudflare.com/initiate:0
[ 6450985ms] [ERROR] Failed to load resource: net::ERR_FAILED @ https://clients3.google.com/generate_204:0
[ 6465993ms] [ERROR] Access to fetch at 'https://clients3.google.com/generate_204' from origin 'https://into-introductory-screensavers-ecology.trycloudflare.com' has been blocked by CORS policy: No 'Access-Control-Allow-Origin' header is present on the requested resource. @ https://into-introductory-screensavers-ecology.trycloudflare.com/initiate:0
[ 6465993ms] [ERROR] Failed to load resource: net::ERR_FAILED @ https://clients3.google.com/generate_204:0
[ 6480989ms] [ERROR] Access to fetch at 'https://clients3.google.com/generate_204' from origin 'https://into-introductory-screensavers-ecology.trycloudflare.com' has been blocked by CORS policy: No 'Access-Control-Allow-Origin' header is present on the requested resource. @ https://into-introductory-screensavers-ecology.trycloudflare.com/initiate:0
[ 6480989ms] [ERROR] Failed to load resource: net::ERR_FAILED @ https://clients3.google.com/generate_204:0
[ 6495983ms] [ERROR] Access to fetch at 'https://clients3.google.com/generate_204' from origin 'https://into-introductory-screensavers-ecology.trycloudflare.com' has been blocked by CORS policy: No 'Access-Control-Allow-Origin' header is present on the requested resource. @ https://into-introductory-screensavers-ecology.trycloudflare.com/initiate:0
[ 6495984ms] [ERROR] Failed to load resource: net::ERR_FAILED @ https://clients3.google.com/generate_204:0
[ 6510984ms] [ERROR] Access to fetch at 'https://clients3.google.com/generate_204' from origin 'https://into-introductory-screensavers-ecology.trycloudflare.com' has been blocked by CORS policy: No 'Access-Control-Allow-Origin' header is present on the requested resource. @ https://into-introductory-screensavers-ecology.trycloudflare.com/initiate:0
[ 6510984ms] [ERROR] Failed to load resource: net::ERR_FAILED @ https://clients3.google.com/generate_204:0
[ 6525986ms] [ERROR] Access to fetch at 'https://clients3.google.com/generate_204' from origin 'https://into-introductory-screensavers-ecology.trycloudflare.com' has been blocked by CORS policy: No 'Access-Control-Allow-Origin' header is present on the requested resource. @ https://into-introductory-screensavers-ecology.trycloudflare.com/initiate:0
[ 6525987ms] [ERROR] Failed to load resource: net::ERR_FAILED @ https://clients3.google.com/generate_204:0
[ 6540985ms] [ERROR] Access to fetch at 'https://clients3.google.com/generate_204' from origin 'https://into-introductory-screensavers-ecology.trycloudflare.com' has been blocked by CORS policy: No 'Access-Control-Allow-Origin' header is present on the requested resource. @ https://into-introductory-screensavers-ecology.trycloudflare.com/initiate:0
[ 6540985ms] [ERROR] Failed to load resource: net::ERR_FAILED @ https://clients3.google.com/generate_204:0
[ 6555985ms] [ERROR] Access to fetch at 'https://clients3.google.com/generate_204' from origin 'https://into-introductory-screensavers-ecology.trycloudflare.com' has been blocked by CORS policy: No 'Access-Control-Allow-Origin' header is present on the requested resource. @ https://into-introductory-screensavers-ecology.trycloudflare.com/initiate:0
[ 6555985ms] [ERROR] Failed to load resource: net::ERR_FAILED @ https://clients3.google.com/generate_204:0
[ 6571004ms] [ERROR] Access to fetch at 'https://clients3.google.com/generate_204' from origin 'https://into-introductory-screensavers-ecology.trycloudflare.com' has been blocked by CORS policy: No 'Access-Control-Allow-Origin' header is present on the requested resource. @ https://into-introductory-screensavers-ecology.trycloudflare.com/initiate:0
[ 6571014ms] [ERROR] Failed to load resource: net::ERR_FAILED @ https://clients3.google.com/generate_204:0
[ 6585984ms] [ERROR] Access to fetch at 'https://clients3.google.com/generate_204' from origin 'https://into-introductory-screensavers-ecology.trycloudflare.com' has been blocked by CORS policy: No 'Access-Control-Allow-Origin' header is present on the requested resource. @ https://into-introductory-screensavers-ecology.trycloudflare.com/initiate:0
[ 6585985ms] [ERROR] Failed to load resource: net::ERR_FAILED @ https://clients3.google.com/generate_204:0
[ 6600987ms] [ERROR] Access to fetch at 'https://clients3.google.com/generate_204' from origin 'https://into-introductory-screensavers-ecology.trycloudflare.com' has been blocked by CORS policy: No 'Access-Control-Allow-Origin' header is present on the requested resource. @ https://into-introductory-screensavers-ecology.trycloudflare.com/initiate:0
[ 6600987ms] [ERROR] Failed to load resource: net::ERR_FAILED @ https://clients3.google.com/generate_204:0
[ 6615984ms] [ERROR] Access to fetch at 'https://clients3.google.com/generate_204' from origin 'https://into-introductory-screensavers-ecology.trycloudflare.com' has been blocked by CORS policy: No 'Access-Control-Allow-Origin' header is present on the requested resource. @ https://into-introductory-screensavers-ecology.trycloudflare.com/initiate:0
[ 6615984ms] [ERROR] Failed to load resource: net::ERR_FAILED @ https://clients3.google.com/generate_204:0
[ 6630985ms] [ERROR] Access to fetch at 'https://clients3.google.com/generate_204' from origin 'https://into-introductory-screensavers-ecology.trycloudflare.com' has been blocked by CORS policy: No 'Access-Control-Allow-Origin' header is present on the requested resource. @ https://into-introductory-screensavers-ecology.trycloudflare.com/initiate:0
[ 6630985ms] [ERROR] Failed to load resource: net::ERR_FAILED @ https://clients3.google.com/generate_204:0
[ 6645985ms] [ERROR] Access to fetch at 'https://clients3.google.com/generate_204' from origin 'https://into-introductory-screensavers-ecology.trycloudflare.com' has been blocked by CORS policy: No 'Access-Control-Allow-Origin' header is present on the requested resource. @ https://into-introductory-screensavers-ecology.trycloudflare.com/initiate:0
[ 6645986ms] [ERROR] Failed to load resource: net::ERR_FAILED @ https://clients3.google.com/generate_204:0
[ 6660994ms] [ERROR] Access to fetch at 'https://clients3.google.com/generate_204' from origin 'https://into-introductory-screensavers-ecology.trycloudflare.com' has been blocked by CORS policy: No 'Access-Control-Allow-Origin' header is present on the requested resource. @ https://into-introductory-screensavers-ecology.trycloudflare.com/initiate:0
[ 6660994ms] [ERROR] Failed to load resource: net::ERR_FAILED @ https://clients3.google.com/generate_204:0
[ 6675986ms] [ERROR] Access to fetch at 'https://clients3.google.com/generate_204' from origin 'https://into-introductory-screensavers-ecology.trycloudflare.com' has been blocked by CORS policy: No 'Access-Control-Allow-Origin' header is present on the requested resource. @ https://into-introductory-screensavers-ecology.trycloudflare.com/initiate:0
[ 6675987ms] [ERROR] Failed to load resource: net::ERR_FAILED @ https://clients3.google.com/generate_204:0
[ 6690987ms] [ERROR] Access to fetch at 'https://clients3.google.com/generate_204' from origin 'https://into-introductory-screensavers-ecology.trycloudflare.com' has been blocked by CORS policy: No 'Access-Control-Allow-Origin' header is present on the requested resource. @ https://into-introductory-screensavers-ecology.trycloudflare.com/initiate:0
[ 6690987ms] [ERROR] Failed to load resource: net::ERR_FAILED @ https://clients3.google.com/generate_204:0
[ 6705986ms] [ERROR] Access to fetch at 'https://clients3.google.com/generate_204' from origin 'https://into-introductory-screensavers-ecology.trycloudflare.com' has been blocked by CORS policy: No 'Access-Control-Allow-Origin' header is present on the requested resource. @ https://into-introductory-screensavers-ecology.trycloudflare.com/initiate:0
[ 6705987ms] [ERROR] Failed to load resource: net::ERR_FAILED @ https://clients3.google.com/generate_204:0
[ 6720987ms] [ERROR] Access to fetch at 'https://clients3.google.com/generate_204' from origin 'https://into-introductory-screensavers-ecology.trycloudflare.com' has been blocked by CORS policy: No 'Access-Control-Allow-Origin' header is present on the requested resource. @ https://into-introductory-screensavers-ecology.trycloudflare.com/initiate:0
[ 6720987ms] [ERROR] Failed to load resource: net::ERR_FAILED @ https://clients3.google.com/generate_204:0
[ 6735988ms] [ERROR] Access to fetch at 'https://clients3.google.com/generate_204' from origin 'https://into-introductory-screensavers-ecology.trycloudflare.com' has been blocked by CORS policy: No 'Access-Control-Allow-Origin' header is present on the requested resource. @ https://into-introductory-screensavers-ecology.trycloudflare.com/initiate:0
[ 6735988ms] [ERROR] Failed to load resource: net::ERR_FAILED @ https://clients3.google.com/generate_204:0
[ 6750987ms] [ERROR] Access to fetch at 'https://clients3.google.com/generate_204' from origin 'https://into-introductory-screensavers-ecology.trycloudflare.com' has been blocked by CORS policy: No 'Access-Control-Allow-Origin' header is present on the requested resource. @ https://into-introductory-screensavers-ecology.trycloudflare.com/initiate:0
[ 6750987ms] [ERROR] Failed to load resource: net::ERR_FAILED @ https://clients3.google.com/generate_204:0
[ 6765990ms] [ERROR] Access to fetch at 'https://clients3.google.com/generate_204' from origin 'https://into-introductory-screensavers-ecology.trycloudflare.com' has been blocked by CORS policy: No 'Access-Control-Allow-Origin' header is present on the requested resource. @ https://into-introductory-screensavers-ecology.trycloudflare.com/initiate:0
[ 6765991ms] [ERROR] Failed to load resource: net::ERR_FAILED @ https://clients3.google.com/generate_204:0
[ 6780988ms] [ERROR] Access to fetch at 'https://clients3.google.com/generate_204' from origin 'https://into-introductory-screensavers-ecology.trycloudflare.com' has been blocked by CORS policy: No 'Access-Control-Allow-Origin' header is present on the requested resource. @ https://into-introductory-screensavers-ecology.trycloudflare.com/initiate:0
[ 6780988ms] [ERROR] Failed to load resource: net::ERR_FAILED @ https://clients3.google.com/generate_204:0
[ 6795985ms] [ERROR] Access to fetch at 'https://clients3.google.com/generate_204' from origin 'https://into-introductory-screensavers-ecology.trycloudflare.com' has been blocked by CORS policy: No 'Access-Control-Allow-Origin' header is present on the requested resource. @ https://into-introductory-screensavers-ecology.trycloudflare.com/initiate:0
[ 6795986ms] [ERROR] Failed to load resource: net::ERR_FAILED @ https://clients3.google.com/generate_204:0
[ 6810988ms] [ERROR] Access to fetch at 'https://clients3.google.com/generate_204' from origin 'https://into-introductory-screensavers-ecology.trycloudflare.com' has been blocked by CORS policy: No 'Access-Control-Allow-Origin' header is present on the requested resource. @ https://into-introductory-screensavers-ecology.trycloudflare.com/initiate:0
[ 6810989ms] [ERROR] Failed to load resource: net::ERR_FAILED @ https://clients3.google.com/generate_204:0
[ 6825988ms] [ERROR] Access to fetch at 'https://clients3.google.com/generate_204' from origin 'https://into-introductory-screensavers-ecology.trycloudflare.com' has been blocked by CORS policy: No 'Access-Control-Allow-Origin' header is present on the requested resource. @ https://into-introductory-screensavers-ecology.trycloudflare.com/initiate:0
[ 6825988ms] [ERROR] Failed to load resource: net::ERR_FAILED @ https://clients3.google.com/generate_204:0
[ 6840986ms] [ERROR] Access to fetch at 'https://clients3.google.com/generate_204' from origin 'https://into-introductory-screensavers-ecology.trycloudflare.com' has been blocked by CORS policy: No 'Access-Control-Allow-Origin' header is present on the requested resource. @ https://into-introductory-screensavers-ecology.trycloudflare.com/initiate:0
[ 6840987ms] [ERROR] Failed to load resource: net::ERR_FAILED @ https://clients3.google.com/generate_204:0
[ 6855987ms] [ERROR] Access to fetch at 'https://clients3.google.com/generate_204' from origin 'https://into-introductory-screensavers-ecology.trycloudflare.com' has been blocked by CORS policy: No 'Access-Control-Allow-Origin' header is present on the requested resource. @ https://into-introductory-screensavers-ecology.trycloudflare.com/initiate:0
[ 6855987ms] [ERROR] Failed to load resource: net::ERR_FAILED @ https://clients3.google.com/generate_204:0
[ 6870989ms] [ERROR] Access to fetch at 'https://clients3.google.com/generate_204' from origin 'https://into-introductory-screensavers-ecology.trycloudflare.com' has been blocked by CORS policy: No 'Access-Control-Allow-Origin' header is present on the requested resource. @ https://into-introductory-screensavers-ecology.trycloudflare.com/initiate:0
[ 6870989ms] [ERROR] Failed to load resource: net::ERR_FAILED @ https://clients3.google.com/generate_204:0
[ 6885990ms] [ERROR] Access to fetch at 'https://clients3.google.com/generate_204' from origin 'https://into-introductory-screensavers-ecology.trycloudflare.com' has been blocked by CORS policy: No 'Access-Control-Allow-Origin' header is present on the requested resource. @ https://into-introductory-screensavers-ecology.trycloudflare.com/initiate:0
[ 6885990ms] [ERROR] Failed to load resource: net::ERR_FAILED @ https://clients3.google.com/generate_204:0
[ 6900992ms] [ERROR] Access to fetch at 'https://clients3.google.com/generate_204' from origin 'https://into-introductory-screensavers-ecology.trycloudflare.com' has been blocked by CORS policy: No 'Access-Control-Allow-Origin' header is present on the requested resource. @ https://into-introductory-screensavers-ecology.trycloudflare.com/initiate:0
[ 6900992ms] [ERROR] Failed to load resource: net::ERR_FAILED @ https://clients3.google.com/generate_204:0
[ 6916000ms] [ERROR] Access to fetch at 'https://clients3.google.com/generate_204' from origin 'https://into-introductory-screensavers-ecology.trycloudflare.com' has been blocked by CORS policy: No 'Access-Control-Allow-Origin' header is present on the requested resource. @ https://into-introductory-screensavers-ecology.trycloudflare.com/initiate:0
[ 6916000ms] [ERROR] Failed to load resource: net::ERR_FAILED @ https://clients3.google.com/generate_204:0
[ 6931005ms] [ERROR] Access to fetch at 'https://clients3.google.com/generate_204' from origin 'https://into-introductory-screensavers-ecology.trycloudflare.com' has been blocked by CORS policy: No 'Access-Control-Allow-Origin' header is present on the requested resource. @ https://into-introductory-screensavers-ecology.trycloudflare.com/initiate:0
[ 6931005ms] [ERROR] Failed to load resource: net::ERR_FAILED @ https://clients3.google.com/generate_204:0
[ 6946010ms] [ERROR] Access to fetch at 'https://clients3.google.com/generate_204' from origin 'https://into-introductory-screensavers-ecology.trycloudflare.com' has been blocked by CORS policy: No 'Access-Control-Allow-Origin' header is present on the requested resource. @ https://into-introductory-screensavers-ecology.trycloudflare.com/initiate:0
[ 6946010ms] [ERROR] Failed to load resource: net::ERR_FAILED @ https://clients3.google.com/generate_204:0
[ 6961009ms] [ERROR] Access to fetch at 'https://clients3.google.com/generate_204' from origin 'https://into-introductory-screensavers-ecology.trycloudflare.com' has been blocked by CORS policy: No 'Access-Control-Allow-Origin' header is present on the requested resource. @ https://into-introductory-screensavers-ecology.trycloudflare.com/initiate:0
[ 6961010ms] [ERROR] Failed to load resource: net::ERR_FAILED @ https://clients3.google.com/generate_204:0
[ 6976008ms] [ERROR] Access to fetch at 'https://clients3.google.com/generate_204' from origin 'https://into-introductory-screensavers-ecology.trycloudflare.com' has been blocked by CORS policy: No 'Access-Control-Allow-Origin' header is present on the requested resource. @ https://into-introductory-screensavers-ecology.trycloudflare.com/initiate:0
[ 6976008ms] [ERROR] Failed to load resource: net::ERR_FAILED @ https://clients3.google.com/generate_204:0
[ 6991009ms] [ERROR] Access to fetch at 'https://clients3.google.com/generate_204' from origin 'https://into-introductory-screensavers-ecology.trycloudflare.com' has been blocked by CORS policy: No 'Access-Control-Allow-Origin' header is present on the requested resource. @ https://into-introductory-screensavers-ecology.trycloudflare.com/initiate:0
[ 6991010ms] [ERROR] Failed to load resource: net::ERR_FAILED @ https://clients3.google.com/generate_204:0
[ 7006010ms] [ERROR] Access to fetch at 'https://clients3.google.com/generate_204' from origin 'https://into-introductory-screensavers-ecology.trycloudflare.com' has been blocked by CORS policy: No 'Access-Control-Allow-Origin' header is present on the requested resource. @ https://into-introductory-screensavers-ecology.trycloudflare.com/initiate:0
[ 7006010ms] [ERROR] Failed to load resource: net::ERR_FAILED @ https://clients3.google.com/generate_204:0
[ 7021008ms] [ERROR] Access to fetch at 'https://clients3.google.com/generate_204' from origin 'https://into-introductory-screensavers-ecology.trycloudflare.com' has been blocked by CORS policy: No 'Access-Control-Allow-Origin' header is present on the requested resource. @ https://into-introductory-screensavers-ecology.trycloudflare.com/initiate:0
[ 7021008ms] [ERROR] Failed to load resource: net::ERR_FAILED @ https://clients3.google.com/generate_204:0
[ 7036014ms] [ERROR] Access to fetch at 'https://clients3.google.com/generate_204' from origin 'https://into-introductory-screensavers-ecology.trycloudflare.com' has been blocked by CORS policy: No 'Access-Control-Allow-Origin' header is present on the requested resource. @ https://into-introductory-screensavers-ecology.trycloudflare.com/initiate:0
[ 7036014ms] [ERROR] Failed to load resource: net::ERR_FAILED @ https://clients3.google.com/generate_204:0
[ 7051010ms] [ERROR] Access to fetch at 'https://clients3.google.com/generate_204' from origin 'https://into-introductory-screensavers-ecology.trycloudflare.com' has been blocked by CORS policy: No 'Access-Control-Allow-Origin' header is present on the requested resource. @ https://into-introductory-screensavers-ecology.trycloudflare.com/initiate:0
[ 7051010ms] [ERROR] Failed to load resource: net::ERR_FAILED @ https://clients3.google.com/generate_204:0
[ 7066011ms] [ERROR] Access to fetch at 'https://clients3.google.com/generate_204' from origin 'https://into-introductory-screensavers-ecology.trycloudflare.com' has been blocked by CORS policy: No 'Access-Control-Allow-Origin' header is present on the requested resource. @ https://into-introductory-screensavers-ecology.trycloudflare.com/initiate:0
[ 7066011ms] [ERROR] Failed to load resource: net::ERR_FAILED @ https://clients3.google.com/generate_204:0
[ 7081012ms] [ERROR] Access to fetch at 'https://clients3.google.com/generate_204' from origin 'https://into-introductory-screensavers-ecology.trycloudflare.com' has been blocked by CORS policy: No 'Access-Control-Allow-Origin' header is present on the requested resource. @ https://into-introductory-screensavers-ecology.trycloudflare.com/initiate:0
[ 7081013ms] [ERROR] Failed to load resource: net::ERR_FAILED @ https://clients3.google.com/generate_204:0
[ 7096012ms] [ERROR] Access to fetch at 'https://clients3.google.com/generate_204' from origin 'https://into-introductory-screensavers-ecology.trycloudflare.com' has been blocked by CORS policy: No 'Access-Control-Allow-Origin' header is present on the requested resource. @ https://into-introductory-screensavers-ecology.trycloudflare.com/initiate:0
[ 7096013ms] [ERROR] Failed to load resource: net::ERR_FAILED @ https://clients3.google.com/generate_204:0
[ 7111010ms] [ERROR] Access to fetch at 'https://clients3.google.com/generate_204' from origin 'https://into-introductory-screensavers-ecology.trycloudflare.com' has been blocked by CORS policy: No 'Access-Control-Allow-Origin' header is present on the requested resource. @ https://into-introductory-screensavers-ecology.trycloudflare.com/initiate:0
[ 7111010ms] [ERROR] Failed to load resource: net::ERR_FAILED @ https://clients3.google.com/generate_204:0
[ 7126017ms] [ERROR] Access to fetch at 'https://clients3.google.com/generate_204' from origin 'https://into-introductory-screensavers-ecology.trycloudflare.com' has been blocked by CORS policy: No 'Access-Control-Allow-Origin' header is present on the requested resource. @ https://into-introductory-screensavers-ecology.trycloudflare.com/initiate:0
[ 7126018ms] [ERROR] Failed to load resource: net::ERR_FAILED @ https://clients3.google.com/generate_204:0
[ 7141013ms] [ERROR] Access to fetch at 'https://clients3.google.com/generate_204' from origin 'https://into-introductory-screensavers-ecology.trycloudflare.com' has been blocked by CORS policy: No 'Access-Control-Allow-Origin' header is present on the requested resource. @ https://into-introductory-screensavers-ecology.trycloudflare.com/initiate:0
[ 7141013ms] [ERROR] Failed to load resource: net::ERR_FAILED @ https://clients3.google.com/generate_204:0
[ 7156011ms] [ERROR] Access to fetch at 'https://clients3.google.com/generate_204' from origin 'https://into-introductory-screensavers-ecology.trycloudflare.com' has been blocked by CORS policy: No 'Access-Control-Allow-Origin' header is present on the requested resource. @ https://into-introductory-screensavers-ecology.trycloudflare.com/initiate:0
[ 7156011ms] [ERROR] Failed to load resource: net::ERR_FAILED @ https://clients3.google.com/generate_204:0
[ 7171012ms] [ERROR] Access to fetch at 'https://clients3.google.com/generate_204' from origin 'https://into-introductory-screensavers-ecology.trycloudflare.com' has been blocked by CORS policy: No 'Access-Control-Allow-Origin' header is present on the requested resource. @ https://into-introductory-screensavers-ecology.trycloudflare.com/initiate:0
[ 7171012ms] [ERROR] Failed to load resource: net::ERR_FAILED @ https://clients3.google.com/generate_204:0
[ 7186012ms] [ERROR] Access to fetch at 'https://clients3.google.com/generate_204' from origin 'https://into-introductory-screensavers-ecology.trycloudflare.com' has been blocked by CORS policy: No 'Access-Control-Allow-Origin' header is present on the requested resource. @ https://into-introductory-screensavers-ecology.trycloudflare.com/initiate:0
[ 7186012ms] [ERROR] Failed to load resource: net::ERR_FAILED @ https://clients3.google.com/generate_204:0
[ 7201013ms] [ERROR] Access to fetch at 'https://clients3.google.com/generate_204' from origin 'https://into-introductory-screensavers-ecology.trycloudflare.com' has been blocked by CORS policy: No 'Access-Control-Allow-Origin' header is present on the requested resource. @ https://into-introductory-screensavers-ecology.trycloudflare.com/initiate:0
[ 7201013ms] [ERROR] Failed to load resource: net::ERR_FAILED @ https://clients3.google.com/generate_204:0
[ 7216013ms] [ERROR] Access to fetch at 'https://clients3.google.com/generate_204' from origin 'https://into-introductory-screensavers-ecology.trycloudflare.com' has been blocked by CORS policy: No 'Access-Control-Allow-Origin' header is present on the requested resource. @ https://into-introductory-screensavers-ecology.trycloudflare.com/initiate:0
[ 7216013ms] [ERROR] Failed to load resource: net::ERR_FAILED @ https://clients3.google.com/generate_204:0
